StartDate,EndDate,Status,IPAddress,Progress,Duration (in seconds),Finished,RecordedDate,ResponseId,RecipientLastName,RecipientFirstName,RecipientEmail,ExternalReference,LocationLatitude,LocationLongitude,DistributionChannel,UserLanguage,Q2,Q3,Q4,Q5_pre,Q5_post,Q6_1,Q6_2,Q6_3
StartDate,EndDate,Status,IPAddress,Progress,Duration (in seconds),Finished,RecordedDate,ResponseId,RecipientLastName,RecipientFirstName,RecipientEmail,ExternalReference,LocationLatitude,LocationLongitude,DistributionChannel,UserLanguage,What is your program?,Did you pass the course?,Did you use an extra-credit opportunity?,Did you use office hours before midterm?,Did you use office hours after midterm?,Used a study group this term?,Used a tutor this term?,Used the writing center this term?
"{""ImportId"": ""StartDate""}","{""ImportId"": ""EndDate""}","{""ImportId"": ""Status""}","{""ImportId"": ""IPAddress""}","{""ImportId"": ""Progress""}","{""ImportId"": ""Duration (in seconds)""}","{""ImportId"": ""Finished""}","{""ImportId"": ""RecordedDate""}","{""ImportId"": ""ResponseId""}","{""ImportId"": ""RecipientLastName""}","{""ImportId"": ""RecipientFirstName""}","{""ImportId"": ""RecipientEmail""}","{""ImportId"": ""ExternalReference""}","{""ImportId"": ""LocationLatitude""}","{""ImportId"": ""LocationLongitude""}","{""ImportId"": ""DistributionChannel""}","{""ImportId"": ""UserLanguage""}","{""ImportId"": ""Q2""}","{""ImportId"": ""Q3""}","{""ImportId"": ""Q4""}","{""ImportId"": ""Q5_pre""}","{""ImportId"": ""Q5_post""}","{""ImportId"": ""Q6_1""}","{""ImportId"": ""Q6_2""}","{""ImportId"": ""Q6_3""}"
2026-02-01 08:00:00,2026-02-01 08:00:00,IP Address,,100,864,True,2026-02-01 08:00:00,R_F_0000,,,,,,,anonymous,EN,Education,Pass,No,Yes,Yes,Yes,Yes,Yes
2026-02-02 09:07:13,2026-02-02 09:07:13,IP Address,,100,428,True,2026-02-02 09:07:13,R_F_0001,,,,,,,anonymous,EN,Psychology,Pass,No,No,No,No,No,Yes
2026-02-03 10:14:26,2026-02-03 10:14:26,IP Address,,100,661,True,2026-02-03 10:14:26,R_F_0002,,,,,,,anonymous,EN,Education,Pass,No,No,Yes,Yes,Yes,Yes
2026-02-04 11:21:39,2026-02-04 11:21:39,IP Address,,100,604,True,2026-02-04 11:21:39,R_F_0003,,,,,,,anonymous,EN,Psychology,Pass,No,No,No,No,No,Yes
2026-02-05 12:28:52,2026-02-05 12:28:52,IP Address,,100,326,True,2026-02-05 12:28:52,R_F_0004,,,,,,,anonymous,EN,Psychology,Pass,No,No,No,Yes,Yes,Yes
2026-02-06 13:35:05,2026-02-06 13:35:05,IP Address,,100,823,True,2026-02-06 13:35:05,R_F_0005,,,,,,,anonymous,EN,Psychology,Fail,No,No,No,No,No,Yes
2026-02-07 14:42:18,2026-02-07 14:42:18,IP Address,,100,678,True,2026-02-07 14:42:18,R_F_0006,,,,,,,anonymous,EN,Education,Fail,No,No,No,No,No,No
2026-02-08 15:49:31,2026-02-08 15:49:31,IP Address,,100,741,True,2026-02-08 15:49:31,R_F_0007,,,,,,,anonymous,EN,Education,Fail,No,No,No,Yes,Yes,Yes
2026-02-09 16:56:44,2026-02-09 16:56:44,IP Address,,100,893,True,2026-02-09 16:56:44,R_F_0008,,,,,,,anonymous,EN,Psychology,Fail,No,No,No,No,No,No
2026-02-10 08:03:57,2026-02-10 08:03:57,IP Address,,100,419,True,2026-02-10 08:03:57,R_F_0009,,,,,,,anonymous,EN,Education,Fail,No,No,No,No,No,Yes
2026-02-11 09:10:10,2026-02-11 09:10:10,IP Address,,100,119,True,2026-02-11 09:10:10,R_F_0010,,,,,,,anonymous,EN,Education,Pass,Yes,No,Yes,No,No,No
2026-02-12 10:17:23,2026-02-12 10:17:23,IP Address,,100,543,True,2026-02-12 10:17:23,R_F_0011,,,,,,,anonymous,EN,Education,Pass,No,No,No,No,No,No
2026-02-13 11:24:36,2026-02-13 11:24:36,IP Address,,100,800,True,2026-02-13 11:24:36,R_F_0012,,,,,,,anonymous,EN,Education,Pass,No,Yes,Yes,No,No,No
2026-02-14 12:31:49,2026-02-14 12:31:49,IP Address,,100,194,True,2026-02-14 12:31:49,R_F_0013,,,,,,,anonymous,EN,Education,Pass,No,No,No,No,Yes,Yes
2026-02-15 13:38:02,2026-02-15 13:38:02,IP Address,,100,780,True,2026-02-15 13:38:02,R_F_0014,,,,,,,anonymous,EN,Business,Pass,No,No,No,Yes,Yes,Yes
2026-02-16 14:45:15,2026-02-16 14:45:15,IP Address,,100,472,True,2026-02-16 14:45:15,R_F_0015,,,,,,,anonymous,EN,Education,Pass,No,No,No,No,No,Yes
2026-02-17 15:52:28,2026-02-17 15:52:28,IP Address,,100,635,True,2026-02-17 15:52:28,R_F_0016,,,,,,,anonymous,EN,Education,Fail,No,No,Yes,Yes,Yes,Yes
2026-02-18 16:59:41,2026-02-18 16:59:41,IP Address,,100,288,True,2026-02-18 16:59:41,R_F_0017,,,,,,,anonymous,EN,Business,Pass,No,Yes,Yes,Yes,Yes,Yes
2026-02-19 08:06:54,2026-02-19 08:06:54,IP Address,,100,649,True,2026-02-19 08:06:54,R_F_0018,,,,,,,anonymous,EN,Education,Pass,No,No,No,Yes,Yes,Yes
2026-02-20 09:13:07,2026-02-20 09:13:07,IP Address,,100,855,True,2026-02-20 09:13:07,R_F_0019,,,,,,,anonymous,EN,Education,Fail,No,No,No,No,No,No
2026-02-21 10:20:20,2026-02-21 10:20:20,IP Address,,100,607,True,2026-02-21 10:20:20,R_F_0020,,,,,,,anonymous,EN,Business,Pass,No,Yes,No,No,No,Yes
2026-02-22 11:27:33,2026-02-22 11:27:33,IP Address,,100,534,True,2026-02-22 11:27:33,R_F_0021,,,,,,,anonymous,EN,Psychology,Pass,No,No,No,Yes,Yes,Yes
2026-02-23 12:34:46,2026-02-23 12:34:46,IP Address,,100,305,True,2026-02-23 12:34:46,R_F_0022,,,,,,,anonymous,EN,Psychology,Pass,No,No,No,No,No,No
2026-02-24 13:41:59,2026-02-24 13:41:59,IP Address,,100,219,True,2026-02-24 13:41:59,R_F_0023,,,,,,,anonymous,EN,Business,Pass,No,No,No,Yes,No,Yes
2026-02-25 14:48:12,2026-02-25 14:48:12,IP Address,,100,185,True,2026-02-25 14:48:12,R_F_0024,,,,,,,anonymous,EN,Business,Pass,No,No,Yes,Yes,Yes,Yes
2026-02-26 15:55:25,2026-02-26 15:55:25,IP Address,,100,568,True,2026-02-26 15:55:25,R_F_0025,,,,,,,anonymous,EN,Business,Pass,No,Yes,Yes,No,No,Yes
2026-02-27 16:02:38,2026-02-27 16:02:38,IP Address,,100,845,True,2026-02-27 16:02:38,R_F_0026,,,,,,,anonymous,EN,Education,Pass,No,No,No,No,No,No
2026-02-01 08:09:51,2026-02-01 08:09:51,IP Address,,100,233,True,2026-02-01 08:09:51,R_F_0027,,,,,,,anonymous,EN,Education,Pass,No,No,No,No,No,No
2026-02-02 09:16:04,2026-02-02 09:16:04,IP Address,,100,183,True,2026-02-02 09:16:04,R_F_0028,,,,,,,anonymous,EN,Business,Pass,No,No,No,Yes,Yes,Yes
2026-02-03 10:23:17,2026-02-03 10:23:17,IP Address,,100,317,True,2026-02-03 10:23:17,R_F_0029,,,,,,,anonymous,EN,Education,Pass,No,No,No,Yes,Yes,Yes
2026-02-04 11:30:30,2026-02-04 11:30:30,IP Address,,100,532,True,2026-02-04 11:30:30,R_F_0030,,,,,,,anonymous,EN,Education,Fail,No,No,No,Yes,Yes,Yes
2026-02-05 12:37:43,2026-02-05 12:37:43,IP Address,,100,223,True,2026-02-05 12:37:43,R_F_0031,,,,,,,anonymous,EN,Business,Pass,No,No,No,Yes,Yes,Yes
2026-02-06 13:44:56,2026-02-06 13:44:56,IP Address,,100,688,True,2026-02-06 13:44:56,R_F_0032,,,,,,,anonymous,EN,Education,Fail,No,No,No,Yes,Yes,Yes
2026-02-07 14:51:09,2026-02-07 14:51:09,IP Address,,100,135,True,2026-02-07 14:51:09,R_F_0033,,,,,,,anonymous,EN,Education,Pass,No,No,No,Yes,No,Yes
2026-02-08 15:58:22,2026-02-08 15:58:22,IP Address,,100,593,True,2026-02-08 15:58:22,R_F_0034,,,,,,,anonymous,EN,Education,Fail,No,No,No,No,No,No
2026-02-09 16:05:35,2026-02-09 16:05:35,IP Address,,100,542,True,2026-02-09 16:05:35,R_F_0035,,,,,,,anonymous,EN,Education,Pass,No,Yes,Yes,No,No,Yes
2026-02-10 08:12:48,2026-02-10 08:12:48,IP Address,,100,162,True,2026-02-10 08:12:48,R_F_0036,,,,,,,anonymous,EN,Psychology,Pass,No,No,No,Yes,Yes,Yes
2026-02-11 09:19:01,2026-02-11 09:19:01,IP Address,,100,722,True,2026-02-11 09:19:01,R_F_0037,,,,,,,anonymous,EN,Psychology,Pass,No,No,Yes,No,Yes,Yes
2026-02-12 10:26:14,2026-02-12 10:26:14,IP Address,,100,714,True,2026-02-12 10:26:14,R_F_0038,,,,,,,anonymous,EN,Psychology,Fail,No,Yes,Yes,Yes,Yes,Yes
2026-02-13 11:33:27,2026-02-13 11:33:27,IP Address,,100,241,True,2026-02-13 11:33:27,R_F_0039,,,,,,,anonymous,EN,Psychology,Pass,No,No,No,Yes,Yes,Yes
2026-02-14 12:40:40,2026-02-14 12:40:40,IP Address,,100,146,True,2026-02-14 12:40:40,R_F_0040,,,,,,,anonymous,EN,Education,Pass,No,No,No,No,No,No
2026-02-15 13:47:53,2026-02-15 13:47:53,IP Address,,100,897,True,2026-02-15 13:47:53,R_F_0041,,,,,,,anonymous,EN,Business,Pass,No,No,No,No,No,No
2026-02-16 14:54:06,2026-02-16 14:54:06,IP Address,,100,333,True,2026-02-16 14:54:06,R_F_0042,,,,,,,anonymous,EN,Education,Fail,No,Yes,Yes,No,No,No
2026-02-17 15:01:19,2026-02-17 15:01:19,IP Address,,100,726,True,2026-02-17 15:01:19,R_F_0043,,,,,,,anonymous,EN,Education,Fail,No,No,Yes,No,No,Yes
2026-02-18 16:08:32,2026-02-18 16:08:32,IP Address,,100,493,True,2026-02-18 16:08:32,R_F_0044,,,,,,,anonymous,EN,Education,Fail,No,No,No,No,No,Yes
2026-02-19 08:15:45,2026-02-19 08:15:45,IP Address,,100,576,True,2026-02-19 08:15:45,R_F_0045,,,,,,,anonymous,EN,Education,Fail,No,Yes,Yes,Yes,Yes,Yes
2026-02-20 09:22:58,2026-02-20 09:22:58,IP Address,,100,652,True,2026-02-20 09:22:58,R_F_0046,,,,,,,anonymous,EN,Education,Pass,No,No,No,No,Yes,No
2026-02-21 10:29:11,2026-02-21 10:29:11,IP Address,,100,331,True,2026-02-21 10:29:11,R_F_0047,,,,,,,anonymous,EN,Education,Pass,No,No,No,No,No,Yes
2026-02-22 11:36:24,2026-02-22 11:36:24,IP Address,,100,63,True,2026-02-22 11:36:24,R_F_0048,,,,,,,anonymous,EN,Psychology,Pass,No,No,No,No,No,Yes
2026-02-23 12:43:37,2026-02-23 12:43:37,IP Address,,100,214,True,2026-02-23 12:43:37,R_F_0049,,,,,,,anonymous,EN,Education,Pass,No,No,No,No,No,No
2026-02-24 13:50:50,2026-02-24 13:50:50,IP Address,,100,293,True,2026-02-24 13:50:50,R_F_0050,,,,,,,anonymous,EN,Psychology,Pass,No,No,No,No,No,No
2026-02-25 14:57:03,2026-02-25 14:57:03,IP Address,,100,269,True,2026-02-25 14:57:03,R_F_0051,,,,,,,anonymous,EN,Psychology,Pass,No,No,No,Yes,Yes,Yes
2026-02-26 15:04:16,2026-02-26 15:04:16,IP Address,,100,157,True,2026-02-26 15:04:16,R_F_0052,,,,,,,anonymous,EN,Education,Fail,No,No,No,Yes,No,Yes
2026-02-27 16:11:29,2026-02-27 16:11:29,IP Address,,100,172,True,2026-02-27 16:11:29,R_F_0053,,,,,,,anonymous,EN,Education,Fail,No,No,No,Yes,Yes,Yes
2026-02-01 08:18:42,2026-02-01 08:18:42,IP Address,,100,430,True,2026-02-01 08:18:42,R_F_0054,,,,,,,anonymous,EN,Education,Pass,No,No,No,Yes,Yes,Yes
2026-02-02 09:25:55,2026-02-02 09:25:55,IP Address,,100,454,True,2026-02-02 09:25:55,R_F_0055,,,,,,,anonymous,EN,Psychology,Pass,Yes,Yes,Yes,No,No,No
2026-02-03 10:32:08,2026-02-03 10:32:08,IP Address,,100,556,True,2026-02-03 10:32:08,R_F_0056,,,,,,,anonymous,EN,Psychology,Pass,No,No,No,No,No,Yes
2026-02-04 11:39:21,2026-02-04 11:39:21,IP Address,,100,204,True,2026-02-04 11:39:21,R_F_0057,,,,,,,anonymous,EN,Psychology,Pass,No,No,No,No,No,No
2026-02-05 12:46:34,2026-02-05 12:46:34,IP Address,,100,790,True,2026-02-05 12:46:34,R_F_0058,,,,,,,anonymous,EN,Psychology,Pass,No,No,Yes,No,Yes,Yes
2026-02-06 13:53:47,2026-02-06 13:53:47,IP Address,,100,162,True,2026-02-06 13:53:47,R_F_0059,,,,,,,anonymous,EN,Education,Fail,No,No,No,No,No,Yes
2026-02-07 14:00:00,2026-02-07 14:00:00,IP Address,,100,309,True,2026-02-07 14:00:00,R_F_0060,,,,,,,anonymous,EN,Business,Pass,No,Yes,Yes,No,No,No
2026-02-08 15:07:13,2026-02-08 15:07:13,IP Address,,100,265,True,2026-02-08 15:07:13,R_F_0061,,,,,,,anonymous,EN,Psychology,Pass,No,No,No,Yes,Yes,Yes
2026-02-09 16:14:26,2026-02-09 16:14:26,IP Address,,100,382,True,2026-02-09 16:14:26,R_F_0062,,,,,,,anonymous,EN,Education,Fail,No,No,No,Yes,No,No
2026-02-10 08:21:39,2026-02-10 08:21:39,IP Address,,100,328,True,2026-02-10 08:21:39,R_F_0063,,,,,,,anonymous,EN,Business,Pass,No,No,No,No,Yes,Yes
2026-02-11 09:28:52,2026-02-11 09:28:52,IP Address,,100,267,True,2026-02-11 09:28:52,R_F_0064,,,,,,,anonymous,EN,Psychology,Fail,No,No,No,No,No,No
2026-02-12 10:35:05,2026-02-12 10:35:05,IP Address,,100,60,True,2026-02-12 10:35:05,R_F_0065,,,,,,,anonymous,EN,Psychology,Pass,No,No,Yes,No,Yes,Yes
2026-02-13 11:42:18,2026-02-13 11:42:18,IP Address,,100,843,True,2026-02-13 11:42:18,R_F_0066,,,,,,,anonymous,EN,Education,Pass,No,No,No,Yes,No,Yes
2026-02-14 12:49:31,2026-02-14 12:49:31,IP Address,,100,631,True,2026-02-14 12:49:31,R_F_0067,,,,,,,anonymous,EN,Education,Pass,No,Yes,Yes,Yes,Yes,Yes
2026-02-15 13:56:44,2026-02-15 13:56:44,IP Address,,100,728,True,2026-02-15 13:56:44,R_F_0068,,,,,,,anonymous,EN,Business,Pass,No,Yes,Yes,No,Yes,Yes
2026-02-16 14:03:57,2026-02-16 14:03:57,IP Address,,100,288,True,2026-02-16 14:03:57,R_F_0069,,,,,,,anonymous,EN,Psychology,Pass,No,No,No,Yes,No,No
2026-02-17 15:10:10,2026-02-17 15:10:10,IP Address,,100,463,True,2026-02-17 15:10:10,R_F_0070,,,,,,,anonymous,EN,Education,Pass,No,Yes,Yes,No,No,Yes
2026-02-18 16:17:23,2026-02-18 16:17:23,IP Address,,100,205,True,2026-02-18 16:17:23,R_F_0071,,,,,,,anonymous,EN,Education,Fail,No,No,No,No,No,No
2026-02-19 08:24:36,2026-02-19 08:24:36,IP Address,,100,237,True,2026-02-19 08:24:36,R_F_0072,,,,,,,anonymous,EN,Psychology,Fail,No,No,No,No,Yes,No
2026-02-20 09:31:49,2026-02-20 09:31:49,IP Address,,100,529,True,2026-02-20 09:31:49,R_F_0073,,,,,,,anonymous,EN,Business,Pass,No,No,Yes,No,No,No
2026-02-21 10:38:02,2026-02-21 10:38:02,IP Address,,100,164,True,2026-02-21 10:38:02,R_F_0074,,,,,,,anonymous,EN,Education,Fail,No,Yes,Yes,Yes,Yes,Yes
2026-02-22 11:45:15,2026-02-22 11:45:15,IP Address,,100,398,True,2026-02-22 11:45:15,R_F_0075,,,,,,,anonymous,EN,Psychology,Pass,No,Yes,Yes,No,No,No
2026-02-23 12:52:28,2026-02-23 12:52:28,IP Address,,100,118,True,2026-02-23 12:52:28,R_F_0076,,,,,,,anonymous,EN,Psychology,Pass,No,Yes,Yes,No,No,No
2026-02-24 13:59:41,2026-02-24 13:59:41,IP Address,,100,668,True,2026-02-24 13:59:41,R_F_0077,,,,,,,anonymous,EN,Psychology,Pass,No,No,No,Yes,Yes,Yes
2026-02-25 14:06:54,2026-02-25 14:06:54,IP Address,,100,674,True,2026-02-25 14:06:54,R_F_0078,,,,,,,anonymous,EN,Business,Pass,No,No,No,Yes,Yes,Yes
2026-02-26 15:13:07,2026-02-26 15:13:07,IP Address,,100,456,True,2026-02-26 15:13:07,R_F_0079,,,,,,,anonymous,EN,Business,Fail,No,No,No,Yes,Yes,No
2026-02-27 16:20:20,2026-02-27 16:20:20,IP Address,,100,531,True,2026-02-27 16:20:20,R_F_0080,,,,,,,anonymous,EN,Education,Pass,No,No,Yes,No,Yes,Yes
2026-02-01 08:27:33,2026-02-01 08:27:33,IP Address,,100,393,True,2026-02-01 08:27:33,R_F_0081,,,,,,,anonymous,EN,Education,Pass,No,No,No,Yes,Yes,Yes
2026-02-02 09:34:46,2026-02-02 09:34:46,IP Address,,100,305,True,2026-02-02 09:34:46,R_F_0082,,,,,,,anonymous,EN,Psychology,Pass,No,Yes,Yes,Yes,Yes,Yes
2026-02-03 10:41:59,2026-02-03 10:41:59,IP Address,,100,670,True,2026-02-03 10:41:59,R_F_0083,,,,,,,anonymous,EN,Education,Fail,No,No,No,Yes,Yes,Yes
2026-02-04 11:48:12,2026-02-04 11:48:12,IP Address,,100,845,True,2026-02-04 11:48:12,R_F_0084,,,,,,,anonymous,EN,Education,Pass,No,Yes,Yes,Yes,Yes,Yes
2026-02-05 12:55:25,2026-02-05 12:55:25,IP Address,,100,498,True,2026-02-05 12:55:25,R_F_0085,,,,,,,anonymous,EN,Psychology,Fail,No,No,No,No,No,Yes
2026-02-06 13:02:38,2026-02-06 13:02:38,IP Address,,100,531,True,2026-02-06 13:02:38,R_F_0086,,,,,,,anonymous,EN,Education,Pass,No,No,No,No,Yes,Yes
2026-02-07 14:09:51,2026-02-07 14:09:51,IP Address,,100,199,True,2026-02-07 14:09:51,R_F_0087,,,,,,,anonymous,EN,Business,Pass,No,No,No,Yes,Yes,Yes
2026-02-08 15:16:04,2026-02-08 15:16:04,IP Address,,100,478,True,2026-02-08 15:16:04,R_F_0088,,,,,,,anonymous,EN,Education,Fail,No,No,Yes,No,Yes,Yes
2026-02-09 16:23:17,2026-02-09 16:23:17,IP Address,,100,527,True,2026-02-09 16:23:17,R_F_0089,,,,,,,anonymous,EN,Education,Pass,No,No,No,Yes,Yes,Yes
2026-02-10 08:30:30,2026-02-10 08:30:30,IP Address,,100,215,True,2026-02-10 08:30:30,R_F_0090,,,,,,,anonymous,EN,Psychology,Pass,No,Yes,Yes,Yes,Yes,Yes
2026-02-11 09:37:43,2026-02-11 09:37:43,IP Address,,100,421,True,2026-02-11 09:37:43,R_F_0091,,,,,,,anonymous,EN,Education,Pass,No,No,No,No,No,Yes
2026-02-12 10:44:56,2026-02-12 10:44:56,IP Address,,100,431,True,2026-02-12 10:44:56,R_F_0092,,,,,,,anonymous,EN,Psychology,Pass,No,No,No,No,No,No
2026-02-13 11:51:09,2026-02-13 11:51:09,IP Address,,100,163,True,2026-02-13 11:51:09,R_F_0093,,,,,,,anonymous,EN,Psychology,Fail,No,Yes,Yes,No,No,No
2026-02-14 12:58:22,2026-02-14 12:58:22,IP Address,,100,194,True,2026-02-14 12:58:22,R_F_0094,,,,,,,anonymous,EN,Education,Fail,No,Yes,Yes,No,No,Yes
2026-02-15 13:05:35,2026-02-15 13:05:35,IP Address,,100,749,True,2026-02-15 13:05:35,R_F_0095,,,,,,,anonymous,EN,Business,Pass,No,No,Yes,Yes,Yes,Yes
2026-02-16 14:12:48,2026-02-16 14:12:48,IP Address,,100,394,True,2026-02-16 14:12:48,R_F_0096,,,,,,,anonymous,EN,Education,Pass,No,No,No,Yes,Yes,Yes
2026-02-17 15:19:01,2026-02-17 15:19:01,IP Address,,100,806,True,2026-02-17 15:19:01,R_F_0097,,,,,,,anonymous,EN,Education,Pass,No,No,No,Yes,Yes,Yes
2026-02-18 16:26:14,2026-02-18 16:26:14,IP Address,,100,836,True,2026-02-18 16:26:14,R_F_0098,,,,,,,anonymous,EN,Business,Pass,No,No,No,Yes,Yes,Yes
2026-02-19 08:33:27,2026-02-19 08:33:27,IP Address,,100,580,True,2026-02-19 08:33:27,R_F_0099,,,,,,,anonymous,EN,Psychology,Pass,No,No,No,Yes,Yes,Yes
2026-02-20 09:40:40,2026-02-20 09:40:40,IP Address,,100,301,True,2026-02-20 09:40:40,R_F_0100,,,,,,,anonymous,EN,Business,Pass,No,No,No,No,No,No
2026-02-21 10:47:53,2026-02-21 10:47:53,IP Address,,100,580,True,2026-02-21 10:47:53,R_F_0101,,,,,,,anonymous,EN,Business,Pass,No,No,No,No,No,No
2026-02-22 11:54:06,2026-02-22 11:54:06,IP Address,,100,625,True,2026-02-22 11:54:06,R_F_0102,,,,,,,anonymous,EN,Psychology,Pass,No,Yes,Yes,No,No,No
2026-02-23 12:01:19,2026-02-23 12:01:19,IP Address,,100,639,True,2026-02-23 12:01:19,R_F_0103,,,,,,,anonymous,EN,Education,Pass,No,Yes,Yes,No,No,No
2026-02-24 13:08:32,2026-02-24 13:08:32,IP Address,,100,608,True,2026-02-24 13:08:32,R_F_0104,,,,,,,anonymous,EN,Psychology,Pass,No,No,No,Yes,Yes,Yes
2026-02-25 14:15:45,2026-02-25 14:15:45,IP Address,,100,567,True,2026-02-25 14:15:45,R_F_0105,,,,,,,anonymous,EN,Business,Pass,No,Yes,No,No,Yes,Yes
2026-02-26 15:22:58,2026-02-26 15:22:58,IP Address,,100,667,True,2026-02-26 15:22:58,R_F_0106,,,,,,,anonymous,EN,Business,Pass,No,No,Yes,Yes,Yes,Yes
2026-02-27 16:29:11,2026-02-27 16:29:11,IP Address,,100,113,True,2026-02-27 16:29:11,R_F_0107,,,,,,,anonymous,EN,Psychology,Fail,No,Yes,Yes,No,No,No
2026-02-01 08:36:24,2026-02-01 08:36:24,IP Address,,100,565,True,2026-02-01 08:36:24,R_F_0108,,,,,,,anonymous,EN,Psychology,Pass,No,No,Yes,No,No,Yes
2026-02-02 09:43:37,2026-02-02 09:43:37,IP Address,,100,120,True,2026-02-02 09:43:37,R_F_0109,,,,,,,anonymous,EN,Education,Fail,No,No,Yes,No,Yes,Yes
2026-02-03 10:50:50,2026-02-03 10:50:50,IP Address,,100,559,True,2026-02-03 10:50:50,R_F_0110,,,,,,,anonymous,EN,Education,Pass,No,No,Yes,No,Yes,Yes
2026-02-04 11:57:03,2026-02-04 11:57:03,IP Address,,100,323,True,2026-02-04 11:57:03,R_F_0111,,,,,,,anonymous,EN,Psychology,Pass,No,Yes,Yes,No,Yes,Yes
2026-02-05 12:04:16,2026-02-05 12:04:16,IP Address,,100,405,True,2026-02-05 12:04:16,R_F_0112,,,,,,,anonymous,EN,Business,Pass,No,No,No,Yes,Yes,Yes
2026-02-06 13:11:29,2026-02-06 13:11:29,IP Address,,100,89,True,2026-02-06 13:11:29,R_F_0113,,,,,,,anonymous,EN,Psychology,Pass,No,Yes,Yes,Yes,Yes,Yes
2026-02-07 14:18:42,2026-02-07 14:18:42,IP Address,,100,187,True,2026-02-07 14:18:42,R_F_0114,,,,,,,anonymous,EN,Business,Pass,No,No,No,No,No,Yes
2026-02-08 15:25:55,2026-02-08 15:25:55,IP Address,,100,248,True,2026-02-08 15:25:55,R_F_0115,,,,,,,anonymous,EN,Psychology,Pass,No,No,Yes,No,No,No
2026-02-09 16:32:08,2026-02-09 16:32:08,IP Address,,100,777,True,2026-02-09 16:32:08,R_F_0116,,,,,,,anonymous,EN,Education,Fail,No,No,No,No,No,No
2026-02-10 08:39:21,2026-02-10 08:39:21,IP Address,,100,462,True,2026-02-10 08:39:21,R_F_0117,,,,,,,anonymous,EN,Education,Pass,No,No,No,Yes,Yes,Yes
2026-02-11 09:46:34,2026-02-11 09:46:34,IP Address,,100,723,True,2026-02-11 09:46:34,R_F_0118,,,,,,,anonymous,EN,Education,Pass,No,No,No,No,No,No
2026-02-12 10:53:47,2026-02-12 10:53:47,IP Address,,100,825,True,2026-02-12 10:53:47,R_F_0119,,,,,,,anonymous,EN,Education,Pass,No,No,No,No,No,No
2026-02-13 11:00:00,2026-02-13 11:00:00,IP Address,,100,715,True,2026-02-13 11:00:00,R_F_0120,,,,,,,anonymous,EN,Business,Pass,No,No,No,No,No,No
2026-02-14 12:07:13,2026-02-14 12:07:13,IP Address,,100,389,True,2026-02-14 12:07:13,R_F_0121,,,,,,,anonymous,EN,Education,Pass,No,No,Yes,Yes,Yes,Yes
2026-02-15 13:14:26,2026-02-15 13:14:26,IP Address,,100,600,True,2026-02-15 13:14:26,R_F_0122,,,,,,,anonymous,EN,Psychology,Pass,No,Yes,Yes,Yes,Yes,Yes
2026-02-16 14:21:39,2026-02-16 14:21:39,IP Address,,100,515,True,2026-02-16 14:21:39,R_F_0123,,,,,,,anonymous,EN,Psychology,Pass,No,No,No,No,No,Yes
2026-02-17 15:28:52,2026-02-17 15:28:52,IP Address,,100,414,True,2026-02-17 15:28:52,R_F_0124,,,,,,,anonymous,EN,Education,Pass,No,Yes,Yes,Yes,Yes,Yes
2026-02-18 16:35:05,2026-02-18 16:35:05,IP Address,,100,382,True,2026-02-18 16:35:05,R_F_0125,,,,,,,anonymous,EN,Psychology,Pass,No,No,Yes,No,No,No
2026-02-19 08:42:18,2026-02-19 08:42:18,IP Address,,100,769,True,2026-02-19 08:42:18,R_F_0126,,,,,,,anonymous,EN,Business,Pass,No,No,Yes,No,No,No
2026-02-20 09:49:31,2026-02-20 09:49:31,IP Address,,100,309,True,2026-02-20 09:49:31,R_F_0127,,,,,,,anonymous,EN,Business,Pass,No,No,Yes,No,No,No
2026-02-21 10:56:44,2026-02-21 10:56:44,IP Address,,100,410,True,2026-02-21 10:56:44,R_F_0128,,,,,,,anonymous,EN,Business,Fail,No,No,Yes,No,No,No
2026-02-22 11:03:57,2026-02-22 11:03:57,IP Address,,100,811,True,2026-02-22 11:03:57,R_F_0129,,,,,,,anonymous,EN,Psychology,Fail,No,Yes,Yes,No,Yes,Yes
2026-02-23 12:10:10,2026-02-23 12:10:10,IP Address,,100,323,True,2026-02-23 12:10:10,R_F_0130,,,,,,,anonymous,EN,Education,Fail,No,No,No,Yes,Yes,Yes
2026-02-24 13:17:23,2026-02-24 13:17:23,IP Address,,100,766,True,2026-02-24 13:17:23,R_F_0131,,,,,,,anonymous,EN,Business,Pass,No,No,No,Yes,No,Yes
2026-02-25 14:24:36,2026-02-25 14:24:36,IP Address,,100,819,True,2026-02-25 14:24:36,R_F_0132,,,,,,,anonymous,EN,Education,Fail,No,No,No,No,Yes,Yes
2026-02-26 15:31:49,2026-02-26 15:31:49,IP Address,,100,817,True,2026-02-26 15:31:49,R_F_0133,,,,,,,anonymous,EN,Psychology,Pass,No,No,Yes,Yes,Yes,Yes
2026-02-27 16:38:02,2026-02-27 16:38:02,IP Address,,100,94,True,2026-02-27 16:38:02,R_F_0134,,,,,,,anonymous,EN,Business,Pass,No,No,No,Yes,Yes,Yes
2026-02-01 08:45:15,2026-02-01 08:45:15,IP Address,,100,77,True,2026-02-01 08:45:15,R_F_0135,,,,,,,anonymous,EN,Psychology,Pass,No,No,No,No,Yes,Yes
2026-02-02 09:52:28,2026-02-02 09:52:28,IP Address,,100,384,True,2026-02-02 09:52:28,R_F_0136,,,,,,,anonymous,EN,Psychology,Pass,No,No,No,Yes,Yes,Yes
2026-02-03 10:59:41,2026-02-03 10:59:41,IP Address,,100,289,True,2026-02-03 10:59:41,R_F_0137,,,,,,,anonymous,EN,Business,Pass,No,No,Yes,Yes,Yes,Yes
2026-02-04 11:06:54,2026-02-04 11:06:54,IP Address,,100,98,True,2026-02-04 11:06:54,R_F_0138,,,,,,,anonymous,EN,Business,Pass,No,No,No,No,No,Yes
2026-02-05 12:13:07,2026-02-05 12:13:07,IP Address,,100,324,True,2026-02-05 12:13:07,R_F_0139,,,,,,,anonymous,EN,Business,Fail,No,No,Yes,Yes,Yes,Yes
2026-02-06 13:20:20,2026-02-06 13:20:20,IP Address,,100,576,True,2026-02-06 13:20:20,R_F_0140,,,,,,,anonymous,EN,Business,Pass,No,No,No,No,No,No
2026-02-07 14:27:33,2026-02-07 14:27:33,IP Address,,100,581,True,2026-02-07 14:27:33,R_F_0141,,,,,,,anonymous,EN,Business,Pass,No,No,Yes,No,No,No
2026-02-08 15:34:46,2026-02-08 15:34:46,IP Address,,100,521,True,2026-02-08 15:34:46,R_F_0142,,,,,,,anonymous,EN,Psychology,Pass,No,No,Yes,Yes,No,Yes
2026-02-09 16:41:59,2026-02-09 16:41:59,IP Address,,100,735,True,2026-02-09 16:41:59,R_F_0143,,,,,,,anonymous,EN,Psychology,Fail,No,No,No,Yes,Yes,Yes
2026-02-10 08:48:12,2026-02-10 08:48:12,IP Address,,100,224,True,2026-02-10 08:48:12,R_F_0144,,,,,,,anonymous,EN,Psychology,Pass,No,No,No,No,Yes,Yes
2026-02-11 09:55:25,2026-02-11 09:55:25,IP Address,,100,115,True,2026-02-11 09:55:25,R_F_0145,,,,,,,anonymous,EN,Psychology,Fail,No,No,Yes,Yes,Yes,Yes
2026-02-12 10:02:38,2026-02-12 10:02:38,IP Address,,100,179,True,2026-02-12 10:02:38,R_F_0146,,,,,,,anonymous,EN,Education,Fail,No,No,No,Yes,Yes,No
2026-02-13 11:09:51,2026-02-13 11:09:51,IP Address,,100,351,True,2026-02-13 11:09:51,R_F_0147,,,,,,,anonymous,EN,Education,Pass,No,No,Yes,No,No,No
2026-02-14 12:16:04,2026-02-14 12:16:04,IP Address,,100,203,True,2026-02-14 12:16:04,R_F_0148,,,,,,,anonymous,EN,Psychology,Pass,No,No,Yes,No,No,No
2026-02-15 13:23:17,2026-02-15 13:23:17,IP Address,,100,479,True,2026-02-15 13:23:17,R_F_0149,,,,,,,anonymous,EN,Education,Fail,No,No,No,Yes,Yes,Yes
2026-02-16 14:30:30,2026-02-16 14:30:30,IP Address,,100,659,True,2026-02-16 14:30:30,R_F_0150,,,,,,,anonymous,EN,Psychology,Fail,No,No,No,No,Yes,No
2026-02-17 15:37:43,2026-02-17 15:37:43,IP Address,,100,806,True,2026-02-17 15:37:43,R_F_0151,,,,,,,anonymous,EN,Education,Fail,No,No,Yes,No,No,No
2026-02-18 16:44:56,2026-02-18 16:44:56,IP Address,,100,87,True,2026-02-18 16:44:56,R_F_0152,,,,,,,anonymous,EN,Education,Fail,No,No,No,No,Yes,Yes
2026-02-19 08:51:09,2026-02-19 08:51:09,IP Address,,100,822,True,2026-02-19 08:51:09,R_F_0153,,,,,,,anonymous,EN,Education,Pass,No,No,Yes,No,No,No
2026-02-20 09:58:22,2026-02-20 09:58:22,IP Address,,100,346,True,2026-02-20 09:58:22,R_F_0154,,,,,,,anonymous,EN,Education,Fail,No,No,Yes,No,No,Yes
2026-02-21 10:05:35,2026-02-21 10:05:35,IP Address,,100,571,True,2026-02-21 10:05:35,R_F_0155,,,,,,,anonymous,EN,Education,Fail,No,No,No,Yes,Yes,Yes
2026-02-22 11:12:48,2026-02-22 11:12:48,IP Address,,100,842,True,2026-02-22 11:12:48,R_F_0156,,,,,,,anonymous,EN,Psychology,Pass,No,No,No,No,No,Yes
2026-02-23 12:19:01,2026-02-23 12:19:01,IP Address,,100,86,True,2026-02-23 12:19:01,R_F_0157,,,,,,,anonymous,EN,Business,Pass,No,No,No,Yes,Yes,Yes
2026-02-24 13:26:14,2026-02-24 13:26:14,IP Address,,100,500,True,2026-02-24 13:26:14,R_F_0158,,,,,,,anonymous,EN,Education,Fail,No,No,Yes,Yes,Yes,Yes
2026-02-25 14:33:27,2026-02-25 14:33:27,IP Address,,100,307,True,2026-02-25 14:33:27,R_F_0159,,,,,,,anonymous,EN,Education,Pass,No,Yes,Yes,Yes,Yes,Yes
2026-02-26 15:40:40,2026-02-26 15:40:40,IP Address,,100,792,True,2026-02-26 15:40:40,R_F_0160,,,,,,,anonymous,EN,Business,Pass,No,Yes,Yes,No,No,Yes
2026-02-27 16:47:53,2026-02-27 16:47:53,IP Address,,100,708,True,2026-02-27 16:47:53,R_F_0161,,,,,,,anonymous,EN,Psychology,Fail,No,No,No,Yes,Yes,Yes
2026-02-01 08:54:06,2026-02-01 08:54:06,IP Address,,100,601,True,2026-02-01 08:54:06,R_F_0162,,,,,,,anonymous,EN,Psychology,Pass,No,Yes,Yes,No,No,Yes
2026-02-02 09:01:19,2026-02-02 09:01:19,IP Address,,100,127,True,2026-02-02 09:01:19,R_F_0163,,,,,,,anonymous,EN,Business,Pass,No,Yes,Yes,No,No,Yes
2026-02-03 10:08:32,2026-02-03 10:08:32,IP Address,,100,234,True,2026-02-03 10:08:32,R_F_0164,,,,,,,anonymous,EN,Business,Pass,No,No,Yes,No,No,No
2026-02-04 11:15:45,2026-02-04 11:15:45,IP Address,,100,667,True,2026-02-04 11:15:45,R_F_0165,,,,,,,anonymous,EN,Business,Fail,No,No,Yes,No,Yes,Yes
2026-02-05 12:22:58,2026-02-05 12:22:58,IP Address,,100,402,True,2026-02-05 12:22:58,R_F_0166,,,,,,,anonymous,EN,Business,Pass,No,No,No,No,No,No
2026-02-06 13:29:11,2026-02-06 13:29:11,IP Address,,100,352,True,2026-02-06 13:29:11,R_F_0167,,,,,,,anonymous,EN,Psychology,Pass,No,No,No,Yes,Yes,Yes
2026-02-07 14:36:24,2026-02-07 14:36:24,IP Address,,100,513,True,2026-02-07 14:36:24,R_F_0168,,,,,,,anonymous,EN,Psychology,Pass,No,No,Yes,Yes,Yes,Yes
2026-02-08 15:43:37,2026-02-08 15:43:37,IP Address,,100,282,True,2026-02-08 15:43:37,R_F_0169,,,,,,,anonymous,EN,Education,Fail,No,No,Yes,No,No,No
2026-02-09 16:50:50,2026-02-09 16:50:50,IP Address,,100,772,True,2026-02-09 16:50:50,R_F_0170,,,,,,,anonymous,EN,Business,Fail,No,No,Yes,Yes,Yes,Yes
2026-02-10 08:57:03,2026-02-10 08:57:03,IP Address,,100,151,True,2026-02-10 08:57:03,R_F_0171,,,,,,,anonymous,EN,Education,Pass,No,No,No,Yes,Yes,Yes
2026-02-11 09:04:16,2026-02-11 09:04:16,IP Address,,100,550,True,2026-02-11 09:04:16,R_F_0172,,,,,,,anonymous,EN,Psychology,Pass,No,No,No,No,Yes,Yes
2026-02-12 10:11:29,2026-02-12 10:11:29,IP Address,,100,523,True,2026-02-12 10:11:29,R_F_0173,,,,,,,anonymous,EN,Psychology,Pass,No,No,No,No,No,Yes
2026-02-13 11:18:42,2026-02-13 11:18:42,IP Address,,100,648,True,2026-02-13 11:18:42,R_F_0174,,,,,,,anonymous,EN,Psychology,Fail,No,No,Yes,No,No,Yes
2026-02-14 12:25:55,2026-02-14 12:25:55,IP Address,,100,272,True,2026-02-14 12:25:55,R_F_0175,,,,,,,anonymous,EN,Education,Pass,No,No,No,Yes,Yes,Yes
2026-02-15 13:32:08,2026-02-15 13:32:08,IP Address,,100,137,True,2026-02-15 13:32:08,R_F_0176,,,,,,,anonymous,EN,Psychology,Pass,No,No,No,Yes,Yes,Yes
2026-02-16 14:39:21,2026-02-16 14:39:21,IP Address,,100,361,True,2026-02-16 14:39:21,R_F_0177,,,,,,,anonymous,EN,Education,Pass,No,No,No,Yes,Yes,Yes
2026-02-17 15:46:34,2026-02-17 15:46:34,IP Address,,100,380,True,2026-02-17 15:46:34,R_F_0178,,,,,,,anonymous,EN,Psychology,Pass,No,Yes,Yes,Yes,Yes,Yes
2026-02-18 16:53:47,2026-02-18 16:53:47,IP Address,,100,176,True,2026-02-18 16:53:47,R_F_0179,,,,,,,anonymous,EN,Education,Pass,No,No,Yes,No,No,No
2026-02-19 08:00:00,2026-02-19 08:00:00,IP Address,,100,111,True,2026-02-19 08:00:00,R_F_0180,,,,,,,anonymous,EN,Business,Fail,No,No,No,No,No,Yes
2026-02-20 09:07:13,2026-02-20 09:07:13,IP Address,,100,622,True,2026-02-20 09:07:13,R_F_0181,,,,,,,anonymous,EN,Education,Fail,No,No,No,No,Yes,Yes
2026-02-21 10:14:26,2026-02-21 10:14:26,IP Address,,100,716,True,2026-02-21 10:14:26,R_F_0182,,,,,,,anonymous,EN,Psychology,Pass,Yes,Yes,Yes,No,No,No
2026-02-22 11:21:39,2026-02-22 11:21:39,IP Address,,100,239,True,2026-02-22 11:21:39,R_F_0183,,,,,,,anonymous,EN,Business,Pass,No,No,No,No,No,Yes
2026-02-23 12:28:52,2026-02-23 12:28:52,IP Address,,100,296,True,2026-02-23 12:28:52,R_F_0184,,,,,,,anonymous,EN,Education,Pass,Yes,Yes,Yes,Yes,Yes,Yes
2026-02-24 13:35:05,2026-02-24 13:35:05,IP Address,,100,386,True,2026-02-24 13:35:05,R_F_0185,,,,,,,anonymous,EN,Business,Pass,No,No,No,No,No,No
2026-02-25 14:42:18,2026-02-25 14:42:18,IP Address,,100,172,True,2026-02-25 14:42:18,R_F_0186,,,,,,,anonymous,EN,Education,Pass,No,Yes,Yes,Yes,Yes,Yes
2026-02-26 15:49:31,2026-02-26 15:49:31,IP Address,,100,146,True,2026-02-26 15:49:31,R_F_0187,,,,,,,anonymous,EN,Education,Pass,No,No,Yes,No,No,Yes
2026-02-27 16:56:44,2026-02-27 16:56:44,IP Address,,100,80,True,2026-02-27 16:56:44,R_F_0188,,,,,,,anonymous,EN,Education,Fail,No,No,No,No,Yes,Yes
2026-02-01 08:03:57,2026-02-01 08:03:57,IP Address,,100,664,True,2026-02-01 08:03:57,R_F_0189,,,,,,,anonymous,EN,Psychology,Pass,No,No,Yes,No,No,Yes
2026-02-02 09:10:10,2026-02-02 09:10:10,IP Address,,100,559,True,2026-02-02 09:10:10,R_F_0190,,,,,,,anonymous,EN,Education,Pass,No,No,No,Yes,Yes,Yes
2026-02-03 10:17:23,2026-02-03 10:17:23,IP Address,,100,503,True,2026-02-03 10:17:23,R_F_0191,,,,,,,anonymous,EN,Education,Pass,No,Yes,Yes,Yes,Yes,Yes
2026-02-04 11:24:36,2026-02-04 11:24:36,IP Address,,100,136,True,2026-02-04 11:24:36,R_F_0192,,,,,,,anonymous,EN,Business,Pass,No,No,Yes,Yes,Yes,Yes
2026-02-05 12:31:49,2026-02-05 12:31:49,IP Address,,100,260,True,2026-02-05 12:31:49,R_F_0193,,,,,,,anonymous,EN,Education,Pass,No,Yes,Yes,No,No,No
2026-02-06 13:38:02,2026-02-06 13:38:02,IP Address,,100,737,True,2026-02-06 13:38:02,R_F_0194,,,,,,,anonymous,EN,Education,Fail,No,Yes,Yes,Yes,Yes,Yes
2026-02-07 14:45:15,2026-02-07 14:45:15,IP Address,,100,110,True,2026-02-07 14:45:15,R_F_0195,,,,,,,anonymous,EN,Education,Pass,No,No,Yes,No,No,No
2026-02-08 15:52:28,2026-02-08 15:52:28,IP Address,,100,643,True,2026-02-08 15:52:28,R_F_0196,,,,,,,anonymous,EN,Education,Fail,No,No,No,No,Yes,Yes
2026-02-09 16:59:41,2026-02-09 16:59:41,IP Address,,100,863,True,2026-02-09 16:59:41,R_F_0197,,,,,,,anonymous,EN,Business,Pass,No,No,No,Yes,Yes,Yes
2026-02-10 08:06:54,2026-02-10 08:06:54,IP Address,,100,186,True,2026-02-10 08:06:54,R_F_0198,,,,,,,anonymous,EN,Business,Pass,No,No,No,Yes,Yes,Yes
2026-02-11 09:13:07,2026-02-11 09:13:07,IP Address,,100,869,True,2026-02-11 09:13:07,R_F_0199,,,,,,,anonymous,EN,Psychology,Pass,No,No,Yes,No,No,No
2026-02-12 10:20:20,2026-02-12 10:20:20,IP Address,,100,289,True,2026-02-12 10:20:20,R_F_0200,,,,,,,anonymous,EN,Business,Pass,No,No,Yes,Yes,Yes,Yes
2026-02-13 11:27:33,2026-02-13 11:27:33,IP Address,,100,585,True,2026-02-13 11:27:33,R_F_0201,,,,,,,anonymous,EN,Psychology,Pass,No,No,No,No,Yes,Yes
2026-02-14 12:34:46,2026-02-14 12:34:46,IP Address,,100,718,True,2026-02-14 12:34:46,R_F_0202,,,,,,,anonymous,EN,Education,Fail,No,Yes,Yes,No,No,Yes
2026-02-15 13:41:59,2026-02-15 13:41:59,IP Address,,100,793,True,2026-02-15 13:41:59,R_F_0203,,,,,,,anonymous,EN,Business,Fail,No,No,Yes,Yes,Yes,Yes
2026-02-16 14:48:12,2026-02-16 14:48:12,IP Address,,100,508,True,2026-02-16 14:48:12,R_F_0204,,,,,,,anonymous,EN,Education,Fail,No,No,No,No,No,Yes
2026-02-17 15:55:25,2026-02-17 15:55:25,IP Address,,100,888,True,2026-02-17 15:55:25,R_F_0205,,,,,,,anonymous,EN,Education,Fail,No,No,No,Yes,No,Yes
2026-02-18 16:02:38,2026-02-18 16:02:38,IP Address,,100,534,True,2026-02-18 16:02:38,R_F_0206,,,,,,,anonymous,EN,Psychology,Pass,No,Yes,No,No,No,No
2026-02-19 08:09:51,2026-02-19 08:09:51,IP Address,,100,365,True,2026-02-19 08:09:51,R_F_0207,,,,,,,anonymous,EN,Business,Fail,Yes,No,No,No,No,No
2026-02-20 09:16:04,2026-02-20 09:16:04,IP Address,,100,895,True,2026-02-20 09:16:04,R_F_0208,,,,,,,anonymous,EN,Psychology,Fail,No,Yes,Yes,Yes,Yes,No
2026-02-21 10:23:17,2026-02-21 10:23:17,IP Address,,100,558,True,2026-02-21 10:23:17,R_F_0209,,,,,,,anonymous,EN,Education,Fail,No,No,No,Yes,Yes,Yes
2026-02-22 11:30:30,2026-02-22 11:30:30,IP Address,,100,140,True,2026-02-22 11:30:30,R_F_0210,,,,,,,anonymous,EN,Education,Fail,No,No,Yes,No,No,No
2026-02-23 12:37:43,2026-02-23 12:37:43,IP Address,,100,383,True,2026-02-23 12:37:43,R_F_0211,,,,,,,anonymous,EN,Education,Fail,No,No,No,No,No,No
2026-02-24 13:44:56,2026-02-24 13:44:56,IP Address,,100,202,True,2026-02-24 13:44:56,R_F_0212,,,,,,,anonymous,EN,Business,Pass,No,No,No,No,No,No
2026-02-25 14:51:09,2026-02-25 14:51:09,IP Address,,100,269,True,2026-02-25 14:51:09,R_F_0213,,,,,,,anonymous,EN,Education,Fail,No,Yes,Yes,Yes,Yes,Yes
2026-02-26 15:58:22,2026-02-26 15:58:22,IP Address,,100,670,True,2026-02-26 15:58:22,R_F_0214,,,,,,,anonymous,EN,Education,Fail,No,No,No,No,No,Yes
2026-02-27 16:05:35,2026-02-27 16:05:35,IP Address,,100,897,True,2026-02-27 16:05:35,R_F_0215,,,,,,,anonymous,EN,Education,Fail,No,No,No,Yes,Yes,Yes
2026-02-01 08:12:48,2026-02-01 08:12:48,IP Address,,100,331,True,2026-02-01 08:12:48,R_F_0216,,,,,,,anonymous,EN,Psychology,Pass,No,No,Yes,No,No,No
2026-02-02 09:19:01,2026-02-02 09:19:01,IP Address,,100,476,True,2026-02-02 09:19:01,R_F_0217,,,,,,,anonymous,EN,Business,Fail,No,No,Yes,Yes,Yes,Yes
2026-02-03 10:26:14,2026-02-03 10:26:14,IP Address,,100,356,True,2026-02-03 10:26:14,R_F_0218,,,,,,,anonymous,EN,Psychology,Pass,No,No,No,No,No,No
2026-02-04 11:33:27,2026-02-04 11:33:27,IP Address,,100,159,True,2026-02-04 11:33:27,R_F_0219,,,,,,,anonymous,EN,Education,Pass,No,No,No,Yes,Yes,Yes
2026-02-05 12:40:40,2026-02-05 12:40:40,IP Address,,100,414,True,2026-02-05 12:40:40,R_F_0220,,,,,,,anonymous,EN,Psychology,Fail,No,Yes,Yes,Yes,Yes,No
2026-02-06 13:47:53,2026-02-06 13:47:53,IP Address,,100,294,True,2026-02-06 13:47:53,R_F_0221,,,,,,,anonymous,EN,Education,Fail,No,No,No,No,No,No
2026-02-07 14:54:06,2026-02-07 14:54:06,IP Address,,100,778,True,2026-02-07 14:54:06,R_F_0222,,,,,,,anonymous,EN,Education,Fail,No,No,No,Yes,Yes,No
2026-02-08 15:01:19,2026-02-08 15:01:19,IP Address,,100,814,True,2026-02-08 15:01:19,R_F_0223,,,,,,,anonymous,EN,Psychology,Fail,No,No,No,Yes,Yes,Yes
2026-02-09 16:08:32,2026-02-09 16:08:32,IP Address,,100,233,True,2026-02-09 16:08:32,R_F_0224,,,,,,,anonymous,EN,Education,Pass,No,No,No,No,Yes,Yes
2026-02-10 08:15:45,2026-02-10 08:15:45,IP Address,,100,264,True,2026-02-10 08:15:45,R_F_0225,,,,,,,anonymous,EN,Education,Fail,Yes,No,No,Yes,Yes,Yes
2026-02-11 09:22:58,2026-02-11 09:22:58,IP Address,,100,275,True,2026-02-11 09:22:58,R_F_0226,,,,,,,anonymous,EN,Education,Fail,No,No,Yes,No,No,Yes
2026-02-12 10:29:11,2026-02-12 10:29:11,IP Address,,100,167,True,2026-02-12 10:29:11,R_F_0227,,,,,,,anonymous,EN,Psychology,Pass,No,Yes,Yes,No,No,No
2026-02-13 11:36:24,2026-02-13 11:36:24,IP Address,,100,546,True,2026-02-13 11:36:24,R_F_0228,,,,,,,anonymous,EN,Business,Pass,No,No,No,No,No,No
2026-02-14 12:43:37,2026-02-14 12:43:37,IP Address,,100,801,True,2026-02-14 12:43:37,R_F_0229,,,,,,,anonymous,EN,Education,Pass,No,Yes,Yes,Yes,Yes,Yes
2026-02-15 13:50:50,2026-02-15 13:50:50,IP Address,,100,886,True,2026-02-15 13:50:50,R_F_0230,,,,,,,anonymous,EN,Education,Fail,No,No,Yes,No,Yes,Yes
2026-02-16 14:57:03,2026-02-16 14:57:03,IP Address,,100,278,True,2026-02-16 14:57:03,R_F_0231,,,,,,,anonymous,EN,Psychology,Pass,No,No,No,Yes,Yes,Yes
2026-02-17 15:04:16,2026-02-17 15:04:16,IP Address,,100,182,True,2026-02-17 15:04:16,R_F_0232,,,,,,,anonymous,EN,Education,Fail,No,No,No,No,Yes,Yes
2026-02-18 16:11:29,2026-02-18 16:11:29,IP Address,,100,622,True,2026-02-18 16:11:29,R_F_0233,,,,,,,anonymous,EN,Education,Fail,No,No,No,No,No,Yes
2026-02-19 08:18:42,2026-02-19 08:18:42,IP Address,,100,279,True,2026-02-19 08:18:42,R_F_0234,,,,,,,anonymous,EN,Psychology,Pass,No,No,No,No,No,Yes
2026-02-20 09:25:55,2026-02-20 09:25:55,IP Address,,100,898,True,2026-02-20 09:25:55,R_F_0235,,,,,,,anonymous,EN,Psychology,Pass,No,No,No,Yes,Yes,Yes
2026-02-21 10:32:08,2026-02-21 10:32:08,IP Address,,100,796,True,2026-02-21 10:32:08,R_F_0236,,,,,,,anonymous,EN,Education,Pass,Yes,No,No,Yes,Yes,Yes
2026-02-22 11:39:21,2026-02-22 11:39:21,IP Address,,100,570,True,2026-02-22 11:39:21,R_F_0237,,,,,,,anonymous,EN,Psychology,Pass,No,Yes,Yes,No,No,Yes
2026-02-23 12:46:34,2026-02-23 12:46:34,IP Address,,100,180,True,2026-02-23 12:46:34,R_F_0238,,,,,,,anonymous,EN,Business,Pass,No,No,No,No,Yes,No
2026-02-24 13:53:47,2026-02-24 13:53:47,IP Address,,100,140,True,2026-02-24 13:53:47,R_F_0239,,,,,,,anonymous,EN,Education,Fail,No,No,Yes,No,No,No
2026-02-25 14:00:00,2026-02-25 14:00:00,IP Address,,100,96,True,2026-02-25 14:00:00,R_F_0240,,,,,,,anonymous,EN,Psychology,Pass,No,No,No,No,No,No
2026-02-26 15:07:13,2026-02-26 15:07:13,IP Address,,100,828,True,2026-02-26 15:07:13,R_F_0241,,,,,,,anonymous,EN,Education,Pass,No,No,Yes,Yes,Yes,Yes
2026-02-27 16:14:26,2026-02-27 16:14:26,IP Address,,100,436,True,2026-02-27 16:14:26,R_F_0242,,,,,,,anonymous,EN,Education,Pass,No,No,Yes,Yes,Yes,Yes
2026-02-01 08:21:39,2026-02-01 08:21:39,IP Address,,100,763,True,2026-02-01 08:21:39,R_F_0243,,,,,,,anonymous,EN,Business,Pass,No,No,No,Yes,Yes,Yes
2026-02-02 09:28:52,2026-02-02 09:28:52,IP Address,,100,747,True,2026-02-02 09:28:52,R_F_0244,,,,,,,anonymous,EN,Education,Fail,No,Yes,Yes,No,No,No
2026-02-03 10:35:05,2026-02-03 10:35:05,IP Address,,100,190,True,2026-02-03 10:35:05,R_F_0245,,,,,,,anonymous,EN,Business,Fail,No,No,No,No,No,Yes
2026-02-04 11:42:18,2026-02-04 11:42:18,IP Address,,100,497,True,2026-02-04 11:42:18,R_F_0246,,,,,,,anonymous,EN,Business,Fail,No,No,No,No,No,Yes
2026-02-05 12:49:31,2026-02-05 12:49:31,IP Address,,100,67,True,2026-02-05 12:49:31,R_F_0247,,,,,,,anonymous,EN,Business,Pass,No,No,No,Yes,Yes,Yes
2026-02-06 13:56:44,2026-02-06 13:56:44,IP Address,,100,65,True,2026-02-06 13:56:44,R_F_0248,,,,,,,anonymous,EN,Psychology,Pass,No,No,No,Yes,Yes,Yes
2026-02-07 14:03:57,2026-02-07 14:03:57,IP Address,,100,386,True,2026-02-07 14:03:57,R_F_0249,,,,,,,anonymous,EN,Business,Pass,No,No,No,No,No,No
2026-02-08 15:10:10,2026-02-08 15:10:10,IP Address,,100,750,True,2026-02-08 15:10:10,R_F_0250,,,,,,,anonymous,EN,Education,Fail,No,No,No,Yes,Yes,Yes
2026-02-09 16:17:23,2026-02-09 16:17:23,IP Address,,100,651,True,2026-02-09 16:17:23,R_F_0251,,,,,,,anonymous,EN,Business,Pass,No,Yes,Yes,Yes,Yes,Yes
2026-02-10 08:24:36,2026-02-10 08:24:36,IP Address,,100,101,True,2026-02-10 08:24:36,R_F_0252,,,,,,,anonymous,EN,Education,Fail,No,Yes,Yes,No,No,No
2026-02-11 09:31:49,2026-02-11 09:31:49,IP Address,,100,487,True,2026-02-11 09:31:49,R_F_0253,,,,,,,anonymous,EN,Business,Pass,No,No,Yes,Yes,Yes,Yes
2026-02-12 10:38:02,2026-02-12 10:38:02,IP Address,,100,503,True,2026-02-12 10:38:02,R_F_0254,,,,,,,anonymous,EN,Business,Pass,Yes,No,No,No,Yes,Yes
2026-02-13 11:45:15,2026-02-13 11:45:15,IP Address,,100,531,True,2026-02-13 11:45:15,R_F_0255,,,,,,,anonymous,EN,Education,Pass,No,No,Yes,Yes,No,No
2026-02-14 12:52:28,2026-02-14 12:52:28,IP Address,,100,412,True,2026-02-14 12:52:28,R_F_0256,,,,,,,anonymous,EN,Education,Pass,No,No,No,Yes,Yes,Yes
2026-02-15 13:59:41,2026-02-15 13:59:41,IP Address,,100,604,True,2026-02-15 13:59:41,R_F_0257,,,,,,,anonymous,EN,Business,Pass,No,Yes,Yes,No,No,Yes
2026-02-16 14:06:54,2026-02-16 14:06:54,IP Address,,100,252,True,2026-02-16 14:06:54,R_F_0258,,,,,,,anonymous,EN,Education,Fail,No,Yes,Yes,Yes,Yes,Yes
2026-02-17 15:13:07,2026-02-17 15:13:07,IP Address,,100,797,True,2026-02-17 15:13:07,R_F_0259,,,,,,,anonymous,EN,Psychology,Fail,No,No,No,Yes,Yes,Yes
2026-02-18 16:20:20,2026-02-18 16:20:20,IP Address,,100,66,True,2026-02-18 16:20:20,R_F_0260,,,,,,,anonymous,EN,Education,Fail,No,Yes,Yes,No,Yes,Yes
2026-02-19 08:27:33,2026-02-19 08:27:33,IP Address,,100,301,True,2026-02-19 08:27:33,R_F_0261,,,,,,,anonymous,EN,Business,Pass,No,No,No,No,No,Yes
2026-02-20 09:34:46,2026-02-20 09:34:46,IP Address,,100,558,True,2026-02-20 09:34:46,R_F_0262,,,,,,,anonymous,EN,Business,Fail,No,No,No,No,Yes,Yes
2026-02-21 10:41:59,2026-02-21 10:41:59,IP Address,,100,110,True,2026-02-21 10:41:59,R_F_0263,,,,,,,anonymous,EN,Psychology,Pass,No,No,No,No,No,Yes
2026-02-22 11:48:12,2026-02-22 11:48:12,IP Address,,100,307,True,2026-02-22 11:48:12,R_F_0264,,,,,,,anonymous,EN,Psychology,Pass,No,No,No,Yes,No,No
2026-02-23 12:55:25,2026-02-23 12:55:25,IP Address,,100,233,True,2026-02-23 12:55:25,R_F_0265,,,,,,,anonymous,EN,Psychology,Pass,Yes,No,Yes,Yes,Yes,Yes
2026-02-24 13:02:38,2026-02-24 13:02:38,IP Address,,100,720,True,2026-02-24 13:02:38,R_F_0266,,,,,,,anonymous,EN,Education,Fail,No,No,No,Yes,Yes,Yes
2026-02-25 14:09:51,2026-02-25 14:09:51,IP Address,,100,505,True,2026-02-25 14:09:51,R_F_0267,,,,,,,anonymous,EN,Business,Pass,No,Yes,Yes,Yes,Yes,Yes
2026-02-26 15:16:04,2026-02-26 15:16:04,IP Address,,100,280,True,2026-02-26 15:16:04,R_F_0268,,,,,,,anonymous,EN,Education,Pass,No,No,No,Yes,Yes,No
2026-02-27 16:23:17,2026-02-27 16:23:17,IP Address,,100,230,True,2026-02-27 16:23:17,R_F_0269,,,,,,,anonymous,EN,Education,Pass,No,No,No,No,No,No
2026-02-01 08:30:30,2026-02-01 08:30:30,IP Address,,100,645,True,2026-02-01 08:30:30,R_F_0270,,,,,,,anonymous,EN,Business,Pass,No,No,Yes,Yes,Yes,Yes
2026-02-02 09:37:43,2026-02-02 09:37:43,IP Address,,100,713,True,2026-02-02 09:37:43,R_F_0271,,,,,,,anonymous,EN,Psychology,Pass,No,No,No,No,Yes,Yes
2026-02-03 10:44:56,2026-02-03 10:44:56,IP Address,,100,524,True,2026-02-03 10:44:56,R_F_0272,,,,,,,anonymous,EN,Education,Pass,No,No,No,No,No,Yes
2026-02-04 11:51:09,2026-02-04 11:51:09,IP Address,,100,380,True,2026-02-04 11:51:09,R_F_0273,,,,,,,anonymous,EN,Education,Pass,No,No,No,No,No,No
2026-02-05 12:58:22,2026-02-05 12:58:22,IP Address,,100,591,True,2026-02-05 12:58:22,R_F_0274,,,,,,,anonymous,EN,Education,Fail,Yes,Yes,Yes,No,No,No
2026-02-06 13:05:35,2026-02-06 13:05:35,IP Address,,100,603,True,2026-02-06 13:05:35,R_F_0275,,,,,,,anonymous,EN,Business,Pass,No,No,Yes,No,Yes,Yes
2026-02-07 14:12:48,2026-02-07 14:12:48,IP Address,,100,829,True,2026-02-07 14:12:48,R_F_0276,,,,,,,anonymous,EN,Education,Fail,No,Yes,Yes,Yes,Yes,Yes
2026-02-08 15:19:01,2026-02-08 15:19:01,IP Address,,100,74,True,2026-02-08 15:19:01,R_F_0277,,,,,,,anonymous,EN,Psychology,Pass,No,No,Yes,Yes,Yes,Yes
2026-02-09 16:26:14,2026-02-09 16:26:14,IP Address,,100,577,True,2026-02-09 16:26:14,R_F_0278,,,,,,,anonymous,EN,Education,Fail,No,Yes,Yes,Yes,Yes,Yes
2026-02-10 08:33:27,2026-02-10 08:33:27,IP Address,,100,104,True,2026-02-10 08:33:27,R_F_0279,,,,,,,anonymous,EN,Education,Pass,No,Yes,Yes,No,No,Yes
2026-02-11 09:40:40,2026-02-11 09:40:40,IP Address,,100,483,True,2026-02-11 09:40:40,R_F_0280,,,,,,,anonymous,EN,Education,Pass,No,No,No,No,No,No
2026-02-12 10:47:53,2026-02-12 10:47:53,IP Address,,100,812,True,2026-02-12 10:47:53,R_F_0281,,,,,,,anonymous,EN,Education,Fail,No,No,No,Yes,Yes,Yes
2026-02-13 11:54:06,2026-02-13 11:54:06,IP Address,,100,183,True,2026-02-13 11:54:06,R_F_0282,,,,,,,anonymous,EN,Business,Pass,No,No,No,Yes,Yes,Yes
2026-02-14 12:01:19,2026-02-14 12:01:19,IP Address,,100,235,True,2026-02-14 12:01:19,R_F_0283,,,,,,,anonymous,EN,Education,Pass,No,No,No,No,No,No
2026-02-15 13:08:32,2026-02-15 13:08:32,IP Address,,100,251,True,2026-02-15 13:08:32,R_F_0284,,,,,,,anonymous,EN,Education,Pass,No,Yes,Yes,Yes,Yes,Yes
2026-02-16 14:15:45,2026-02-16 14:15:45,IP Address,,100,575,True,2026-02-16 14:15:45,R_F_0285,,,,,,,anonymous,EN,Education,Pass,No,No,Yes,Yes,Yes,Yes
2026-02-17 15:22:58,2026-02-17 15:22:58,IP Address,,100,60,True,2026-02-17 15:22:58,R_F_0286,,,,,,,anonymous,EN,Education,Fail,No,No,No,No,No,No
2026-02-18 16:29:11,2026-02-18 16:29:11,IP Address,,100,437,True,2026-02-18 16:29:11,R_F_0287,,,,,,,anonymous,EN,Education,Pass,No,No,Yes,No,No,Yes
2026-02-19 08:36:24,2026-02-19 08:36:24,IP Address,,100,304,True,2026-02-19 08:36:24,R_F_0288,,,,,,,anonymous,EN,Psychology,Pass,No,No,No,No,Yes,Yes
2026-02-20 09:43:37,2026-02-20 09:43:37,IP Address,,100,680,True,2026-02-20 09:43:37,R_F_0289,,,,,,,anonymous,EN,Education,Pass,No,Yes,Yes,Yes,Yes,Yes
2026-02-21 10:50:50,2026-02-21 10:50:50,IP Address,,100,730,True,2026-02-21 10:50:50,R_F_0290,,,,,,,anonymous,EN,Education,Fail,No,No,Yes,No,No,Yes
2026-02-22 11:57:03,2026-02-22 11:57:03,IP Address,,100,228,True,2026-02-22 11:57:03,R_F_0291,,,,,,,anonymous,EN,Business,Pass,No,No,No,No,No,Yes
2026-02-23 12:04:16,2026-02-23 12:04:16,IP Address,,100,682,True,2026-02-23 12:04:16,R_F_0292,,,,,,,anonymous,EN,Business,Pass,No,Yes,Yes,No,No,No
2026-02-24 13:11:29,2026-02-24 13:11:29,IP Address,,100,198,True,2026-02-24 13:11:29,R_F_0293,,,,,,,anonymous,EN,Psychology,Pass,No,No,No,No,No,No
2026-02-25 14:18:42,2026-02-25 14:18:42,IP Address,,100,867,True,2026-02-25 14:18:42,R_F_0294,,,,,,,anonymous,EN,Education,Pass,No,No,No,Yes,Yes,Yes
2026-02-26 15:25:55,2026-02-26 15:25:55,IP Address,,100,475,True,2026-02-26 15:25:55,R_F_0295,,,,,,,anonymous,EN,Psychology,Pass,No,No,No,Yes,Yes,No
2026-02-27 16:32:08,2026-02-27 16:32:08,IP Address,,100,397,True,2026-02-27 16:32:08,R_F_0296,,,,,,,anonymous,EN,Education,Fail,No,Yes,Yes,No,Yes,Yes
2026-02-01 08:39:21,2026-02-01 08:39:21,IP Address,,100,577,True,2026-02-01 08:39:21,R_F_0297,,,,,,,anonymous,EN,Education,Pass,No,No,No,Yes,Yes,Yes
2026-02-02 09:46:34,2026-02-02 09:46:34,IP Address,,100,394,True,2026-02-02 09:46:34,R_F_0298,,,,,,,anonymous,EN,Psychology,Fail,No,Yes,Yes,No,Yes,Yes
2026-02-03 10:53:47,2026-02-03 10:53:47,IP Address,,100,831,True,2026-02-03 10:53:47,R_F_0299,,,,,,,anonymous,EN,Education,Fail,No,No,Yes,No,No,Yes
