StartDate,EndDate,Status,IPAddress,Progress,Duration (in seconds),Finished,RecordedDate,ResponseId,RecipientLastName,RecipientFirstName,RecipientEmail,ExternalReference,LocationLatitude,LocationLongitude,DistributionChannel,UserLanguage,Q1,Q2,Q3_1,Q3_2,Q3_3,Q3_4,Q3_5,Q3_6,Q3_7,Q3_8,Q4_1,Q4_2,Q4_3,Q4_4,Q4_5,Q4_6,Q4_7,Q4_8,Q4_9,Q4_10,Q4_11,Q4_12,Q4_13,Q4_14,Q4_15,Q4_16,Q4_17,Q4_18,Q4_19,Q4_20,Q4_21,Q4_22,Q4_23,Q4_24,Q4_25,SC0
StartDate,EndDate,Status,IPAddress,Progress,Duration (in seconds),Finished,RecordedDate,ResponseId,RecipientLastName,RecipientFirstName,RecipientEmail,ExternalReference,LocationLatitude,LocationLongitude,DistributionChannel,UserLanguage,"Please enter your unique ID (first two initials + birth day, e.g. AB05)",Group,Scale item 1: engagement statement,Scale item 2: engagement statement,Scale item 3: engagement statement,Scale item 4: engagement statement,Scale item 5: engagement statement,Scale item 6: engagement statement,Scale item 7: engagement statement,Scale item 8: engagement statement,"Test item 1 (correct=1, incorrect=0)","Test item 2 (correct=1, incorrect=0)","Test item 3 (correct=1, incorrect=0)","Test item 4 (correct=1, incorrect=0)","Test item 5 (correct=1, incorrect=0)","Test item 6 (correct=1, incorrect=0)","Test item 7 (correct=1, incorrect=0)","Test item 8 (correct=1, incorrect=0)","Test item 9 (correct=1, incorrect=0)","Test item 10 (correct=1, incorrect=0)","Test item 11 (correct=1, incorrect=0)","Test item 12 (correct=1, incorrect=0)","Test item 13 (correct=1, incorrect=0)","Test item 14 (correct=1, incorrect=0)","Test item 15 (correct=1, incorrect=0)","Test item 16 (correct=1, incorrect=0)","Test item 17 (correct=1, incorrect=0)","Test item 18 (correct=1, incorrect=0)","Test item 19 (correct=1, incorrect=0)","Test item 20 (correct=1, incorrect=0)","Test item 21 (correct=1, incorrect=0)","Test item 22 (correct=1, incorrect=0)","Test item 23 (correct=1, incorrect=0)","Test item 24 (correct=1, incorrect=0)","Test item 25 (correct=1, incorrect=0)",Total correct (0-25)
"{""ImportId"": ""StartDate""}","{""ImportId"": ""EndDate""}","{""ImportId"": ""Status""}","{""ImportId"": ""IPAddress""}","{""ImportId"": ""Progress""}","{""ImportId"": ""Duration (in seconds)""}","{""ImportId"": ""Finished""}","{""ImportId"": ""RecordedDate""}","{""ImportId"": ""ResponseId""}","{""ImportId"": ""RecipientLastName""}","{""ImportId"": ""RecipientFirstName""}","{""ImportId"": ""RecipientEmail""}","{""ImportId"": ""ExternalReference""}","{""ImportId"": ""LocationLatitude""}","{""ImportId"": ""LocationLongitude""}","{""ImportId"": ""DistributionChannel""}","{""ImportId"": ""UserLanguage""}","{""ImportId"": ""Q1""}","{""ImportId"": ""Q2""}","{""ImportId"": ""Q3_1""}","{""ImportId"": ""Q3_2""}","{""ImportId"": ""Q3_3""}","{""ImportId"": ""Q3_4""}","{""ImportId"": ""Q3_5""}","{""ImportId"": ""Q3_6""}","{""ImportId"": ""Q3_7""}","{""ImportId"": ""Q3_8""}","{""ImportId"": ""Q4_1""}","{""ImportId"": ""Q4_2""}","{""ImportId"": ""Q4_3""}","{""ImportId"": ""Q4_4""}","{""ImportId"": ""Q4_5""}","{""ImportId"": ""Q4_6""}","{""ImportId"": ""Q4_7""}","{""ImportId"": ""Q4_8""}","{""ImportId"": ""Q4_9""}","{""ImportId"": ""Q4_10""}","{""ImportId"": ""Q4_11""}","{""ImportId"": ""Q4_12""}","{""ImportId"": ""Q4_13""}","{""ImportId"": ""Q4_14""}","{""ImportId"": ""Q4_15""}","{""ImportId"": ""Q4_16""}","{""ImportId"": ""Q4_17""}","{""ImportId"": ""Q4_18""}","{""ImportId"": ""Q4_19""}","{""ImportId"": ""Q4_20""}","{""ImportId"": ""Q4_21""}","{""ImportId"": ""Q4_22""}","{""ImportId"": ""Q4_23""}","{""ImportId"": ""Q4_24""}","{""ImportId"": ""Q4_25""}","{""ImportId"": ""SC0""}"
2026-02-21 10:56:44,2026-02-21 10:56:44,IP Address,,100,234,True,2026-02-21 10:56:44,R_I_FU_01208,,,,,,,anonymous,EN,GJ04,Intervention B,4,5,4,2,5,4,4,4,0,0,0,1,1,0,1,1,1,1,1,1,1,1,1,1,0,1,0,0,1,1,1,1,1,18
2026-02-05 12:13:07,2026-02-05 12:13:07,IP Address,,100,474,True,2026-02-05 12:13:07,R_I_FU_01219,,,,,,,anonymous,EN,RY09,Intervention B,4,3,4,5,4,4,4,4,1,1,1,0,1,1,1,1,0,1,1,0,1,1,1,1,0,1,1,1,1,1,1,0,1,20
2026-02-11 09:01:19,2026-02-11 09:01:19,IP Address,,100,430,True,2026-02-11 09:01:19,R_I_FU_01063,,,,,,,anonymous,EN,HT10,Intervention A,4,3,3,3,5,3,4,4,1,0,1,1,1,1,1,1,0,1,1,1,0,1,1,1,1,1,1,0,1,1,0,0,1,19
2026-02-06 13:17:23,2026-02-06 13:17:23,IP Address,,100,221,True,2026-02-06 13:17:23,R_I_FU_01031,,,,,,,anonymous,EN,YS01,Intervention A,3,2,4,2,3,4,4,4,0,1,0,0,1,0,0,0,1,0,0,0,0,0,1,1,1,0,1,0,1,1,0,1,1,11
2026-02-21 10:44:56,2026-02-21 10:44:56,IP Address,,100,355,True,2026-02-21 10:44:56,R_I_FU_00992,,,,,,,anonymous,EN,FF21,Control,2,3,3,2,3,2,4,1,0,0,0,1,0,1,1,1,1,1,0,0,1,0,0,1,1,1,1,1,1,0,1,0,1,15
2026-02-16 14:39:21,2026-02-16 14:39:21,IP Address,,100,715,True,2026-02-16 14:39:21,R_I_FU_01257,,,,,,,anonymous,EN,CA09,Intervention B,4,4,5,4,5,5,5,5,1,1,0,1,1,1,1,1,0,0,1,0,1,0,1,0,0,0,0,1,1,1,1,0,0,14
2026-02-18 16:50:50,2026-02-18 16:50:50,IP Address,,100,853,True,2026-02-18 16:50:50,R_I_FU_01070,,,,,,,anonymous,EN,JB12,Intervention A,3,3,3,3,3,3,3,4,1,0,1,0,0,0,0,0,1,0,1,0,1,1,0,1,1,1,1,0,0,1,0,0,1,12
2026-02-14 12:25:55,2026-02-14 12:25:55,IP Address,,100,862,True,2026-02-14 12:25:55,R_I_FU_01255,,,,,,,anonymous,EN,VU27,Intervention B,5,5,5,4,5,4,5,5,0,1,1,1,1,0,1,1,0,1,1,1,1,0,1,1,1,1,1,1,1,1,0,1,1,20
2026-02-02 09:04:16,2026-02-02 09:04:16,IP Address,,100,404,True,2026-02-02 09:04:16,R_I_FU_00892,,,,,,,anonymous,EN,BR14,Control,4,3,3,4,2,3,4,4,1,1,1,0,1,1,0,1,1,0,1,0,0,0,1,1,1,0,1,0,1,0,0,1,0,14
2026-02-03 10:20:20,2026-02-03 10:20:20,IP Address,,100,318,True,2026-02-03 10:20:20,R_I_FU_00920,,,,,,,anonymous,EN,QF18,Control,4,3,3,3,4,4,5,4,0,0,0,0,0,0,0,0,0,0,0,0,1,0,1,0,0,0,0,1,0,1,0,1,0,5
2026-02-11 09:07:13,2026-02-11 09:07:13,IP Address,,100,138,True,2026-02-11 09:07:13,R_I_FU_00901,,,,,,,anonymous,EN,VE18,Control,3,2,2,4,4,3,2,2,0,0,0,0,0,1,1,1,1,1,0,0,1,0,1,0,1,0,1,0,1,1,0,1,1,13
2026-02-05 12:10:10,2026-02-05 12:10:10,IP Address,,100,610,True,2026-02-05 12:10:10,R_I_FU_01030,,,,,,,anonymous,EN,KV07,Intervention A,4,3,5,4,4,4,4,3,0,0,0,0,1,0,1,0,1,0,1,0,1,1,0,1,0,1,1,1,0,1,1,1,0,13
2026-02-16 14:12:48,2026-02-16 14:12:48,IP Address,,100,819,True,2026-02-16 14:12:48,R_I_FU_01176,,,,,,,anonymous,EN,QX08,Intervention B,3,5,5,3,4,4,4,4,0,1,0,1,1,1,1,1,0,1,1,0,0,1,1,1,0,1,1,0,0,1,1,0,1,16
2026-02-10 08:03:57,2026-02-10 08:03:57,IP Address,,100,577,True,2026-02-10 08:03:57,R_I_FU_01089,,,,,,,anonymous,EN,AF12,Intervention A,3,4,3,2,3,4,4,1,0,1,0,0,0,1,1,1,0,0,1,0,1,1,1,0,0,1,1,1,1,1,0,0,0,13
2026-02-01 08:24:36,2026-02-01 08:24:36,IP Address,,100,206,True,2026-02-01 08:24:36,R_I_FU_00972,,,,,,,anonymous,EN,VY16,Control,3,2,3,4,4,4,3,4,0,1,1,0,1,1,0,1,0,1,0,0,1,0,1,1,0,1,1,1,1,0,1,0,1,15
2026-02-26 15:52:28,2026-02-26 15:52:28,IP Address,,100,255,True,2026-02-26 15:52:28,R_I_FU_00916,,,,,,,anonymous,EN,PL25,Control,3,4,3,5,3,2,2,3,0,1,0,1,0,1,1,0,0,0,0,0,1,1,1,1,0,0,1,0,1,0,0,0,0,10
2026-02-07 14:36:24,2026-02-07 14:36:24,IP Address,,100,529,True,2026-02-07 14:36:24,R_I_FU_01248,,,,,,,anonymous,EN,SM07,Intervention B,5,5,5,4,5,5,5,5,1,1,1,1,1,1,1,1,1,0,0,1,1,1,1,0,0,0,1,1,0,1,1,0,1,18
2026-02-21 10:38:02,2026-02-21 10:38:02,IP Address,,100,661,True,2026-02-21 10:38:02,R_I_FU_01154,,,,,,,anonymous,EN,CV27,Intervention B,3,5,5,4,5,5,4,3,1,1,0,0,1,0,0,1,0,1,0,1,1,0,1,1,0,0,1,1,0,1,0,1,0,13
2026-02-16 14:27:33,2026-02-16 14:27:33,IP Address,,100,269,True,2026-02-16 14:27:33,R_I_FU_01041,,,,,,,anonymous,EN,CV11,Intervention A,3,3,3,2,4,3,3,2,0,0,0,0,1,0,0,0,0,0,0,1,0,1,0,0,0,1,1,0,0,1,0,1,1,8
2026-02-06 13:41:59,2026-02-06 13:41:59,IP Address,,100,788,True,2026-02-06 13:41:59,R_I_FU_00923,,,,,,,anonymous,EN,OJ25,Control,4,4,4,4,3,4,4,3,0,1,0,0,1,0,1,0,0,0,1,0,1,1,1,1,0,0,0,1,1,1,0,0,0,11
2026-02-07 14:57:03,2026-02-07 14:57:03,IP Address,,100,222,True,2026-02-07 14:57:03,R_I_FU_00951,,,,,,,anonymous,EN,KO23,Control,3,4,3,3,3,2,3,2,1,0,1,1,0,1,1,1,0,1,0,0,0,0,0,0,0,1,1,1,1,1,0,1,0,13
2026-02-17 15:43:37,2026-02-17 15:43:37,IP Address,,100,385,True,2026-02-17 15:43:37,R_I_FU_01069,,,,,,,anonymous,EN,CK25,Intervention A,3,4,3,3,3,4,3,3,0,1,0,1,0,0,1,0,0,0,1,0,1,1,1,1,0,1,0,1,1,1,0,0,1,13
2026-02-18 16:56:44,2026-02-18 16:56:44,IP Address,,100,250,True,2026-02-18 16:56:44,R_I_FU_00908,,,,,,,anonymous,EN,TP21,Control,4,3,4,3,3,3,4,3,0,1,0,0,1,0,1,0,0,0,0,0,0,1,1,1,1,0,0,1,0,1,1,0,1,11
2026-02-21 10:26:14,2026-02-21 10:26:14,IP Address,,100,497,True,2026-02-21 10:26:14,R_I_FU_00938,,,,,,,anonymous,EN,TW25,Control,2,3,2,3,2,3,2,3,1,1,0,0,1,0,0,1,0,1,1,0,1,0,1,1,0,1,1,1,0,1,0,0,1,14
2026-02-04 11:03:57,2026-02-04 11:03:57,IP Address,,100,208,True,2026-02-04 11:03:57,R_I_FU_01029,,,,,,,anonymous,EN,AC26,Intervention A,3,4,3,3,2,3,4,3,0,1,0,1,0,0,1,1,0,1,1,1,0,1,0,1,0,0,1,1,1,1,0,1,0,14
2026-02-13 11:24:36,2026-02-13 11:24:36,IP Address,,100,89,True,2026-02-13 11:24:36,R_I_FU_01092,,,,,,,anonymous,EN,PK08,Intervention A,2,4,3,4,4,3,4,4,0,1,0,0,0,0,0,1,0,1,1,1,1,1,1,1,1,0,1,0,1,0,1,1,1,15
2026-02-08 15:25:55,2026-02-08 15:25:55,IP Address,,100,855,True,2026-02-08 15:25:55,R_I_FU_01195,,,,,,,anonymous,EN,XH15,Intervention B,4,4,4,4,3,5,5,4,1,1,0,0,1,1,1,1,0,1,1,0,1,0,1,1,1,1,1,0,1,0,0,1,1,17
2026-02-18 16:47:53,2026-02-18 16:47:53,IP Address,,100,768,True,2026-02-18 16:47:53,R_I_FU_00881,,,,,,,anonymous,EN,MY01,Control,4,5,5,3,4,4,3,4,0,1,0,0,1,1,0,1,0,0,1,0,0,0,1,1,0,1,1,1,0,0,1,1,0,12
2026-02-25 14:57:03,2026-02-25 14:57:03,IP Address,,100,349,True,2026-02-25 14:57:03,R_I_FU_01131,,,,,,,anonymous,EN,CU09,Intervention B,4,3,4,4,4,4,3,3,0,1,0,1,0,1,1,1,1,0,1,1,1,0,1,1,1,0,1,1,1,1,1,1,1,19
2026-02-17 15:10:10,2026-02-17 15:10:10,IP Address,,100,586,True,2026-02-17 15:10:10,R_I_FU_01150,,,,,,,anonymous,EN,PN10,Intervention B,4,4,4,4,3,3,4,4,1,1,0,1,1,1,1,1,0,0,1,1,1,0,1,1,1,1,1,0,1,1,1,0,1,19
2026-02-20 09:58:22,2026-02-20 09:58:22,IP Address,,100,799,True,2026-02-20 09:58:22,R_I_FU_01234,,,,,,,anonymous,EN,NI07,Intervention B,4,5,4,5,5,4,5,4,1,1,0,0,1,1,1,1,1,0,1,1,1,1,1,1,0,1,1,0,1,1,1,1,0,19
2026-02-23 12:10:10,2026-02-23 12:10:10,IP Address,,100,583,True,2026-02-23 12:10:10,R_I_FU_01210,,,,,,,anonymous,EN,WK11,Intervention B,5,5,4,4,5,5,4,4,1,0,0,0,1,1,0,0,1,1,0,1,1,1,1,1,0,1,1,1,1,1,1,1,1,18
2026-02-12 10:53:47,2026-02-12 10:53:47,IP Address,,100,736,True,2026-02-12 10:53:47,R_I_FU_01199,,,,,,,anonymous,EN,IP23,Intervention B,5,5,4,5,5,5,5,5,1,1,1,0,1,1,1,1,1,1,0,1,1,0,1,1,0,1,1,1,1,1,1,1,0,20
2026-02-11 09:52:28,2026-02-11 09:52:28,IP Address,,100,726,True,2026-02-11 09:52:28,R_I_FU_01036,,,,,,,anonymous,EN,CS25,Intervention A,4,4,4,4,4,3,4,4,1,1,0,1,0,0,0,1,1,1,1,0,0,1,0,1,0,0,1,1,1,1,0,0,1,14
2026-02-15 13:23:17,2026-02-15 13:23:17,IP Address,,100,739,True,2026-02-15 13:23:17,R_I_FU_01229,,,,,,,anonymous,EN,YQ17,Intervention B,4,5,5,4,5,4,4,4,0,1,1,1,1,1,1,1,1,0,1,1,0,1,1,1,0,1,1,0,1,1,1,1,1,20
2026-02-25 14:12:48,2026-02-25 14:12:48,IP Address,,100,300,True,2026-02-25 14:12:48,R_I_FU_00996,,,,,,,anonymous,EN,VW18,Control,2,2,3,3,2,3,3,4,0,1,0,1,0,1,0,0,0,1,1,0,0,0,1,1,0,1,1,0,1,1,1,1,0,13
2026-02-14 12:22:58,2026-02-14 12:22:58,IP Address,,100,105,True,2026-02-14 12:22:58,R_I_FU_01066,,,,,,,anonymous,EN,FR07,Intervention A,3,3,4,4,3,3,4,4,0,1,1,1,1,1,1,1,1,1,1,0,1,0,1,1,1,1,1,1,1,0,0,1,1,20
2026-02-22 11:24:36,2026-02-22 11:24:36,IP Address,,100,133,True,2026-02-22 11:24:36,R_I_FU_00912,,,,,,,anonymous,EN,VQ20,Control,5,3,3,4,3,4,4,3,1,1,0,0,1,0,1,1,1,0,1,0,1,0,1,1,0,0,0,0,0,1,1,1,0,13
2026-02-06 13:50:50,2026-02-06 13:50:50,IP Address,,100,467,True,2026-02-06 13:50:50,R_I_FU_00950,,,,,,,anonymous,EN,MO15,Control,3,2,1,1,3,3,2,3,1,0,0,0,1,1,1,1,1,0,1,0,0,0,0,1,0,0,0,0,1,1,1,0,1,12
2026-02-03 10:05:35,2026-02-03 10:05:35,IP Address,,100,845,True,2026-02-03 10:05:35,R_I_FU_01055,,,,,,,anonymous,EN,RI10,Intervention A,3,3,4,4,4,2,3,4,1,1,0,1,1,0,1,1,1,1,0,1,0,0,0,1,0,0,1,0,1,0,1,0,0,13
2026-02-20 09:07:13,2026-02-20 09:07:13,IP Address,,100,847,True,2026-02-20 09:07:13,R_I_FU_01261,,,,,,,anonymous,EN,EA20,Intervention B,5,5,5,5,5,4,4,4,1,1,1,1,1,0,0,1,1,1,0,1,1,1,1,0,1,1,1,1,1,1,0,0,1,19
2026-02-15 13:14:26,2026-02-15 13:14:26,IP Address,,100,519,True,2026-02-15 13:14:26,R_I_FU_01202,,,,,,,anonymous,EN,QT07,Intervention B,3,5,3,5,3,4,4,3,1,0,0,1,1,0,1,1,1,1,1,0,1,1,1,1,1,1,1,1,1,1,1,0,0,19
2026-02-08 15:34:46,2026-02-08 15:34:46,IP Address,,100,461,True,2026-02-08 15:34:46,R_I_FU_01222,,,,,,,anonymous,EN,XK09,Intervention B,5,4,4,5,5,5,5,5,0,1,1,1,1,1,1,1,1,1,1,1,1,1,1,1,1,1,1,1,1,1,1,0,1,23
2026-02-08 15:22:58,2026-02-08 15:22:58,IP Address,,100,414,True,2026-02-08 15:22:58,R_I_FU_01006,,,,,,,anonymous,EN,CW11,Intervention A,3,3,4,2,4,3,4,3,1,1,0,1,1,0,1,0,0,1,0,1,1,0,1,1,0,0,1,1,1,0,0,0,0,13
2026-02-23 12:49:31,2026-02-23 12:49:31,IP Address,,100,203,True,2026-02-23 12:49:31,R_I_FU_00967,,,,,,,anonymous,EN,BZ17,Control,4,3,4,3,4,3,4,4,1,0,1,0,0,0,1,0,0,0,0,1,1,1,0,1,0,0,1,0,1,0,0,0,0,9
2026-02-26 15:19:01,2026-02-26 15:19:01,IP Address,,100,871,True,2026-02-26 15:19:01,R_I_FU_00997,,,,,,,anonymous,EN,WE01,Control,3,4,5,4,4,2,3,4,0,1,1,0,1,0,0,1,0,0,0,0,0,1,0,0,0,0,1,0,0,1,1,1,1,10
2026-02-17 15:37:43,2026-02-17 15:37:43,IP Address,,100,599,True,2026-02-17 15:37:43,R_I_FU_01231,,,,,,,anonymous,EN,OX14,Intervention B,5,5,5,4,5,5,4,5,0,1,1,1,0,1,0,1,1,1,1,1,1,1,1,1,1,1,1,1,1,1,1,0,1,21
2026-02-09 16:32:08,2026-02-09 16:32:08,IP Address,,100,364,True,2026-02-09 16:32:08,R_I_FU_01196,,,,,,,anonymous,EN,QE24,Intervention B,4,5,4,4,4,5,4,5,0,1,0,1,1,0,1,1,0,0,1,1,1,0,1,1,1,0,1,1,1,1,1,1,1,18
2026-02-01 08:27:33,2026-02-01 08:27:33,IP Address,,100,269,True,2026-02-01 08:27:33,R_I_FU_01161,,,,,,,anonymous,EN,BC26,Intervention B,4,5,3,4,3,3,4,4,0,1,1,1,1,1,1,0,1,0,0,0,1,0,1,1,1,1,0,1,1,1,1,0,0,16
2026-02-24 13:14:26,2026-02-24 13:14:26,IP Address,,100,284,True,2026-02-24 13:14:26,R_I_FU_01022,,,,,,,anonymous,EN,KW06,Intervention A,3,3,2,2,2,3,3,3,0,1,0,1,1,0,1,1,1,1,1,0,1,0,1,1,0,1,1,0,1,1,1,0,0,16
2026-02-07 14:24:36,2026-02-07 14:24:36,IP Address,,100,498,True,2026-02-07 14:24:36,R_I_FU_01032,,,,,,,anonymous,EN,AF15,Intervention A,2,1,2,3,3,3,3,1,0,0,0,0,1,0,0,0,0,0,0,0,1,0,1,0,0,0,0,0,0,1,0,0,0,4
2026-02-05 12:52:28,2026-02-05 12:52:28,IP Address,,100,783,True,2026-02-05 12:52:28,R_I_FU_00976,,,,,,,anonymous,EN,KG16,Control,3,4,4,4,3,3,4,4,0,1,0,1,1,1,0,1,0,0,0,0,0,0,1,1,0,1,0,0,1,0,0,1,0,10
2026-02-27 16:50:50,2026-02-27 16:50:50,IP Address,,100,775,True,2026-02-27 16:50:50,R_I_FU_00890,,,,,,,anonymous,EN,YW02,Control,2,3,4,3,2,2,3,4,0,0,1,1,1,1,1,1,0,0,1,0,1,1,1,1,1,0,1,0,1,1,1,0,1,17
2026-02-04 11:27:33,2026-02-04 11:27:33,IP Address,,100,388,True,2026-02-04 11:27:33,R_I_FU_00921,,,,,,,anonymous,EN,BH15,Control,3,3,4,4,3,3,3,3,0,1,0,0,0,1,0,0,1,0,1,0,0,0,0,0,1,0,0,0,0,0,0,0,1,6
2026-02-09 16:11:29,2026-02-09 16:11:29,IP Address,,100,562,True,2026-02-09 16:11:29,R_I_FU_00953,,,,,,,anonymous,EN,TR02,Control,1,2,1,3,3,3,1,1,1,1,0,1,0,0,0,1,0,0,0,0,0,1,1,0,0,1,1,0,0,1,0,1,0,10
2026-02-17 15:19:01,2026-02-17 15:19:01,IP Address,,100,866,True,2026-02-17 15:19:01,R_I_FU_01177,,,,,,,anonymous,EN,PD25,Intervention B,3,5,5,4,4,5,4,4,0,0,1,0,1,1,1,1,0,1,0,0,0,0,1,1,0,1,1,1,1,0,1,1,1,15
2026-02-18 16:08:32,2026-02-18 16:08:32,IP Address,,100,126,True,2026-02-18 16:08:32,R_I_FU_01124,,,,,,,anonymous,EN,IQ11,Intervention A,5,4,3,4,5,4,3,2,1,0,0,0,1,0,0,0,1,1,1,0,0,0,0,1,1,0,0,1,1,1,1,0,1,12
2026-02-03 10:50:50,2026-02-03 10:50:50,IP Address,,100,619,True,2026-02-03 10:50:50,R_I_FU_01190,,,,,,,anonymous,EN,FZ28,Intervention B,3,4,4,4,4,4,4,4,1,1,0,1,1,1,1,0,1,0,1,1,1,1,1,1,1,1,1,1,0,1,1,0,1,20
2026-02-03 10:32:08,2026-02-03 10:32:08,IP Address,,100,726,True,2026-02-03 10:32:08,R_I_FU_01136,,,,,,,anonymous,EN,TJ16,Intervention B,3,5,4,5,4,5,5,4,1,0,1,1,1,1,1,1,1,1,1,0,1,1,1,1,1,0,1,1,1,1,0,0,1,20
2026-02-06 13:08:32,2026-02-06 13:08:32,IP Address,,100,75,True,2026-02-06 13:08:32,R_I_FU_01004,,,,,,,anonymous,EN,OH14,Intervention A,4,3,2,3,2,1,4,2,1,1,0,1,1,1,1,1,0,0,1,1,0,0,0,1,0,0,1,1,1,1,0,1,1,16
2026-02-08 15:04:16,2026-02-08 15:04:16,IP Address,,100,128,True,2026-02-08 15:04:16,R_I_FU_00952,,,,,,,anonymous,EN,HF26,Control,3,3,3,4,4,4,3,2,0,0,0,1,1,1,0,1,0,1,0,0,0,1,0,0,0,0,0,0,0,1,0,0,0,7
2026-02-05 12:22:58,2026-02-05 12:22:58,IP Address,,100,413,True,2026-02-05 12:22:58,R_I_FU_01246,,,,,,,anonymous,EN,FA01,Intervention B,5,4,3,4,3,4,4,4,0,1,0,1,1,0,1,1,0,1,1,0,1,0,0,1,1,0,1,0,1,1,0,0,1,14
2026-02-19 08:21:39,2026-02-19 08:21:39,IP Address,,100,590,True,2026-02-19 08:21:39,R_I_FU_00963,,,,,,,anonymous,EN,FY09,Control,3,3,4,3,4,3,4,2,1,1,1,1,1,0,1,1,1,1,1,1,0,1,1,1,1,1,1,1,1,1,1,0,0,21
2026-02-22 11:15:45,2026-02-22 11:15:45,IP Address,,100,372,True,2026-02-22 11:15:45,R_I_FU_00885,,,,,,,anonymous,EN,MM09,Control,3,3,2,3,3,2,3,3,1,1,0,1,1,1,0,1,0,1,0,1,1,1,1,1,1,1,1,0,0,1,1,1,1,19
2026-02-07 14:09:51,2026-02-07 14:09:51,IP Address,,100,284,True,2026-02-07 14:09:51,R_I_FU_01167,,,,,,,anonymous,EN,YF26,Intervention B,4,5,4,4,5,4,4,4,1,1,0,1,1,1,0,1,1,0,1,1,1,0,0,1,1,1,1,1,1,1,1,0,1,19
2026-02-05 12:37:43,2026-02-05 12:37:43,IP Address,,100,599,True,2026-02-05 12:37:43,R_I_FU_01111,,,,,,,anonymous,EN,BL20,Intervention A,4,3,4,5,3,4,4,4,0,1,1,1,0,1,0,0,0,1,0,0,1,1,1,0,0,1,0,0,1,1,0,0,0,11
2026-02-23 12:16:04,2026-02-23 12:16:04,IP Address,,100,854,True,2026-02-23 12:16:04,R_I_FU_01048,,,,,,,anonymous,EN,LX19,Intervention A,4,3,4,5,3,3,4,5,0,0,0,0,1,0,1,1,1,0,1,0,1,0,1,0,1,0,1,1,1,1,0,0,1,13
2026-02-18 16:32:08,2026-02-18 16:32:08,IP Address,,100,278,True,2026-02-18 16:32:08,R_I_FU_01016,,,,,,,anonymous,EN,SE22,Intervention A,5,4,5,4,5,5,4,5,1,1,1,1,1,1,0,1,0,0,0,1,0,1,0,1,0,1,0,0,1,1,1,1,1,16
2026-02-19 08:51:09,2026-02-19 08:51:09,IP Address,,100,653,True,2026-02-19 08:51:09,R_I_FU_01233,,,,,,,anonymous,EN,UB21,Intervention B,5,3,4,3,3,4,5,4,0,1,0,1,1,1,0,1,0,0,1,0,0,0,1,0,0,0,0,0,1,1,0,0,1,10
2026-02-06 13:35:05,2026-02-06 13:35:05,IP Address,,100,718,True,2026-02-06 13:35:05,R_I_FU_01085,,,,,,,anonymous,EN,GP06,Intervention A,4,3,3,3,5,3,3,3,1,1,0,1,0,1,0,1,1,1,1,0,1,0,1,0,0,1,1,0,1,0,0,1,0,14
2026-02-03 10:41:59,2026-02-03 10:41:59,IP Address,,100,761,True,2026-02-03 10:41:59,R_I_FU_01163,,,,,,,anonymous,EN,DU20,Intervention B,4,5,4,5,5,4,5,4,1,0,0,1,1,0,0,1,0,1,0,0,1,0,1,1,1,0,1,1,0,0,0,0,1,12
2026-02-10 08:27:33,2026-02-10 08:27:33,IP Address,,100,701,True,2026-02-10 08:27:33,R_I_FU_00981,,,,,,,anonymous,EN,HT23,Control,2,3,3,3,2,2,4,2,0,1,0,1,0,0,1,1,1,0,1,1,1,0,1,1,0,0,1,0,1,1,1,1,1,16
2026-02-13 11:57:03,2026-02-13 11:57:03,IP Address,,100,404,True,2026-02-13 11:57:03,R_I_FU_01011,,,,,,,anonymous,EN,YM10,Intervention A,5,3,4,2,4,4,4,4,0,1,0,0,0,1,0,1,1,0,0,0,0,1,1,1,0,0,1,0,0,1,0,0,0,9
2026-02-19 08:00:00,2026-02-19 08:00:00,IP Address,,100,526,True,2026-02-19 08:00:00,R_I_FU_01260,,,,,,,anonymous,EN,QD15,Intervention B,4,5,5,5,4,5,5,4,0,1,1,1,1,0,1,1,1,1,1,1,1,0,1,1,1,1,1,1,1,1,0,1,0,20
2026-02-09 16:41:59,2026-02-09 16:41:59,IP Address,,100,385,True,2026-02-09 16:41:59,R_I_FU_01223,,,,,,,anonymous,EN,YS03,Intervention B,5,4,4,5,4,4,5,4,1,1,0,1,1,1,0,1,0,0,0,1,0,1,1,1,1,1,0,1,1,1,1,1,1,18
2026-02-15 13:26:14,2026-02-15 13:26:14,IP Address,,100,281,True,2026-02-15 13:26:14,R_I_FU_00878,,,,,,,anonymous,EN,OY12,Control,3,4,5,3,4,3,4,2,1,1,0,1,0,0,1,1,1,1,1,0,0,0,1,1,0,1,1,1,1,1,1,1,1,18
2026-02-14 12:49:31,2026-02-14 12:49:31,IP Address,,100,493,True,2026-02-14 12:49:31,R_I_FU_01147,,,,,,,anonymous,EN,BS11,Intervention B,4,5,3,5,4,4,4,4,1,1,0,1,1,0,1,1,1,0,1,0,1,1,1,1,1,1,1,0,1,1,1,1,1,20
2026-02-19 08:30:30,2026-02-19 08:30:30,IP Address,,100,539,True,2026-02-19 08:30:30,R_I_FU_00990,,,,,,,anonymous,EN,YS21,Control,3,4,4,4,2,3,3,2,0,1,1,1,0,1,1,0,0,0,1,0,1,1,1,1,0,0,0,0,1,0,1,0,0,12
2026-02-04 11:54:06,2026-02-04 11:54:06,IP Address,,100,294,True,2026-02-04 11:54:06,R_I_FU_01002,,,,,,,anonymous,EN,NC09,Control,4,4,3,2,3,3,3,3,1,1,0,0,0,0,0,1,0,1,0,1,0,1,1,0,1,1,0,0,0,1,1,1,1,13
2026-02-16 14:54:06,2026-02-16 14:54:06,IP Address,,100,739,True,2026-02-16 14:54:06,R_I_FU_01122,,,,,,,anonymous,EN,BY18,Intervention A,2,3,3,3,2,4,2,2,0,1,1,1,1,0,0,0,0,1,0,0,0,1,1,0,0,1,0,0,1,1,1,0,1,12
2026-02-27 16:02:38,2026-02-27 16:02:38,IP Address,,100,481,True,2026-02-27 16:02:38,R_I_FU_01106,,,,,,,anonymous,EN,JN04,Intervention A,2,4,3,4,2,3,2,4,0,1,0,1,1,1,1,1,0,0,1,1,1,0,1,0,0,1,0,0,1,1,1,0,1,15
2026-02-15 13:29:11,2026-02-15 13:29:11,IP Address,,100,124,True,2026-02-15 13:29:11,R_I_FU_01067,,,,,,,anonymous,EN,KF05,Intervention A,3,4,4,3,2,3,3,2,0,0,1,0,1,1,0,1,1,0,0,1,0,0,1,1,0,0,1,1,1,1,0,1,0,13
2026-02-12 10:41:59,2026-02-12 10:41:59,IP Address,,100,609,True,2026-02-12 10:41:59,R_I_FU_00983,,,,,,,anonymous,EN,XB23,Control,3,2,4,1,2,2,2,3,1,0,0,1,0,0,1,1,0,0,0,1,0,0,1,1,0,0,0,1,1,0,0,0,1,10
2026-02-08 15:40:40,2026-02-08 15:40:40,IP Address,,100,184,True,2026-02-08 15:40:40,R_I_FU_01060,,,,,,,anonymous,EN,QN14,Intervention A,3,4,4,4,4,4,3,4,0,0,0,0,1,1,1,0,0,1,0,0,0,0,1,0,1,1,1,1,1,1,0,1,0,12
2026-02-20 09:19:01,2026-02-20 09:19:01,IP Address,,100,174,True,2026-02-20 09:19:01,R_I_FU_00937,,,,,,,anonymous,EN,NT17,Control,2,3,4,4,4,3,3,3,0,0,0,0,0,0,1,0,0,1,0,0,0,0,0,1,0,1,0,1,1,0,0,1,0,7
2026-02-10 08:39:21,2026-02-10 08:39:21,IP Address,,100,777,True,2026-02-10 08:39:21,R_I_FU_01197,,,,,,,anonymous,EN,PY22,Intervention B,4,3,3,3,3,4,4,4,1,1,0,0,1,1,0,1,0,0,0,0,1,1,1,1,1,1,1,0,0,1,1,1,0,15
2026-02-02 09:34:46,2026-02-02 09:34:46,IP Address,,100,518,True,2026-02-02 09:34:46,R_I_FU_01162,,,,,,,anonymous,EN,FB05,Intervention B,3,5,3,2,4,4,4,3,1,1,0,1,0,1,0,1,0,1,0,1,1,1,1,1,0,1,1,0,1,1,0,1,0,16
2026-02-22 11:54:06,2026-02-22 11:54:06,IP Address,,100,796,True,2026-02-22 11:54:06,R_I_FU_01182,,,,,,,anonymous,EN,OM24,Intervention B,3,4,5,5,5,5,4,4,1,1,0,0,1,1,0,1,0,1,1,0,0,0,0,1,1,1,1,1,1,1,1,0,1,16
2026-02-26 15:37:43,2026-02-26 15:37:43,IP Address,,100,62,True,2026-02-26 15:37:43,R_I_FU_01051,,,,,,,anonymous,EN,UW14,Intervention A,3,4,4,4,4,4,3,4,1,1,0,0,1,1,1,0,1,1,1,1,0,1,1,1,0,0,1,1,1,1,1,1,0,18
2026-02-10 08:09:51,2026-02-10 08:09:51,IP Address,,100,116,True,2026-02-10 08:09:51,R_I_FU_00927,,,,,,,anonymous,EN,IK14,Control,2,3,2,4,2,4,3,3,0,0,0,0,1,1,1,1,1,1,1,0,1,1,1,1,1,0,0,1,1,0,0,0,0,14
2026-02-27 16:11:29,2026-02-27 16:11:29,IP Address,,100,664,True,2026-02-27 16:11:29,R_I_FU_01133,,,,,,,anonymous,EN,SR12,Intervention B,5,4,3,4,3,3,3,3,0,0,0,0,1,0,1,1,0,0,1,1,1,0,1,1,0,1,1,0,1,0,1,1,1,14
2026-02-14 12:31:49,2026-02-14 12:31:49,IP Address,,100,164,True,2026-02-14 12:31:49,R_I_FU_01093,,,,,,,anonymous,EN,MS21,Intervention A,3,4,2,4,5,4,3,4,1,0,0,1,1,0,1,1,0,1,1,0,0,1,0,1,0,0,0,1,0,0,0,1,0,11
2026-02-21 10:14:26,2026-02-21 10:14:26,IP Address,,100,156,True,2026-02-21 10:14:26,R_I_FU_01262,,,,,,,anonymous,EN,OZ20,Intervention B,4,2,3,3,4,3,3,4,0,1,1,1,0,1,1,0,0,0,1,1,1,0,1,1,0,0,1,0,1,1,1,0,1,15
2026-02-04 11:21:39,2026-02-04 11:21:39,IP Address,,100,106,True,2026-02-04 11:21:39,R_I_FU_01083,,,,,,,anonymous,EN,VI11,Intervention A,3,2,3,3,3,2,3,3,1,1,1,1,1,1,1,1,0,0,1,0,1,0,1,1,1,0,1,0,1,1,1,1,1,19
2026-02-06 13:32:08,2026-02-06 13:32:08,IP Address,,100,394,True,2026-02-06 13:32:08,R_I_FU_00896,,,,,,,anonymous,EN,WT17,Control,4,4,3,4,3,3,3,4,0,1,1,1,1,0,1,1,0,1,1,0,1,1,1,0,1,1,1,0,1,1,1,0,0,17
2026-02-01 08:45:15,2026-02-01 08:45:15,IP Address,,100,356,True,2026-02-01 08:45:15,R_I_FU_01215,,,,,,,anonymous,EN,WS13,Intervention B,5,4,3,3,4,4,4,4,0,1,1,0,1,0,1,1,1,1,0,0,1,0,0,1,1,1,1,1,1,0,1,1,1,17
2026-02-26 15:13:07,2026-02-26 15:13:07,IP Address,,100,874,True,2026-02-26 15:13:07,R_I_FU_01159,,,,,,,anonymous,EN,XQ07,Intervention B,4,5,5,5,5,5,4,4,1,1,1,1,1,0,1,1,0,0,0,0,1,0,0,1,0,1,1,1,1,1,0,1,1,16
2026-02-10 08:12:48,2026-02-10 08:12:48,IP Address,,100,675,True,2026-02-10 08:12:48,R_I_FU_01116,,,,,,,anonymous,EN,JD22,Intervention A,3,4,3,4,3,3,3,3,0,1,1,0,1,0,0,1,1,1,1,1,0,0,1,0,0,1,1,1,1,1,1,1,1,17
2026-02-18 16:44:56,2026-02-18 16:44:56,IP Address,,100,150,True,2026-02-18 16:44:56,R_I_FU_01232,,,,,,,anonymous,EN,LR21,Intervention B,4,2,4,3,4,4,2,3,0,1,0,1,1,0,1,0,1,0,1,0,1,0,1,0,0,1,1,1,0,1,1,1,1,15
2026-02-15 13:56:44,2026-02-15 13:56:44,IP Address,,100,338,True,2026-02-15 13:56:44,R_I_FU_01148,,,,,,,anonymous,EN,GE20,Intervention B,4,4,4,2,3,3,5,4,0,1,0,1,0,0,1,0,0,0,0,0,1,1,1,1,0,1,0,0,1,1,0,1,0,11
2026-02-21 10:17:23,2026-02-21 10:17:23,IP Address,,100,761,True,2026-02-21 10:17:23,R_I_FU_00911,,,,,,,anonymous,EN,OQ12,Control,3,3,3,3,3,3,2,2,0,1,0,1,1,0,0,0,0,0,0,0,0,0,1,0,0,1,0,1,1,1,0,1,0,9
2026-02-02 09:52:28,2026-02-02 09:52:28,IP Address,,100,435,True,2026-02-02 09:52:28,R_I_FU_01216,,,,,,,anonymous,EN,RS05,Intervention B,5,5,4,5,5,5,5,5,1,1,0,1,1,0,1,1,1,0,1,1,1,1,1,1,0,1,1,0,1,1,1,1,1,20
2026-02-05 12:43:37,2026-02-05 12:43:37,IP Address,,100,363,True,2026-02-05 12:43:37,R_I_FU_00949,,,,,,,anonymous,EN,FJ09,Control,3,2,3,4,4,4,4,3,0,0,0,0,1,0,1,0,1,0,1,0,1,0,0,1,0,0,1,0,1,0,1,1,1,11
2026-02-27 16:20:20,2026-02-27 16:20:20,IP Address,,100,544,True,2026-02-27 16:20:20,R_I_FU_01160,,,,,,,anonymous,EN,LA24,Intervention B,4,4,3,4,3,5,4,4,0,1,1,0,1,0,1,1,1,1,0,0,0,0,0,1,1,0,1,1,1,1,1,0,0,14
2026-02-18 16:23:17,2026-02-18 16:23:17,IP Address,,100,728,True,2026-02-18 16:23:17,R_I_FU_00989,,,,,,,anonymous,EN,CY27,Control,4,3,3,4,4,4,4,4,0,0,0,1,1,0,1,1,0,0,0,0,1,0,0,1,0,0,0,0,1,1,1,1,1,11
2026-02-06 13:53:47,2026-02-06 13:53:47,IP Address,,100,106,True,2026-02-06 13:53:47,R_I_FU_01139,,,,,,,anonymous,EN,IO16,Intervention B,3,3,2,2,3,3,2,3,0,1,0,1,1,0,0,1,0,0,0,0,1,0,0,0,1,1,1,1,1,1,1,0,0,12
2026-02-19 08:39:21,2026-02-19 08:39:21,IP Address,,100,357,True,2026-02-19 08:39:21,R_I_FU_01017,,,,,,,anonymous,EN,WJ16,Intervention A,3,3,3,4,3,4,3,2,0,1,0,1,1,0,1,0,0,0,1,1,0,0,1,1,0,1,1,0,0,0,1,0,0,11
2026-02-04 11:45:15,2026-02-04 11:45:15,IP Address,,100,111,True,2026-02-04 11:45:15,R_I_FU_00975,,,,,,,anonymous,EN,HK25,Control,3,3,2,3,4,3,3,1,1,0,0,1,1,0,1,0,0,1,0,0,0,0,0,1,1,0,0,1,1,1,1,0,1,12
2026-02-09 16:50:50,2026-02-09 16:50:50,IP Address,,100,773,True,2026-02-09 16:50:50,R_I_FU_01250,,,,,,,anonymous,EN,YL19,Intervention B,5,5,5,4,5,5,5,5,0,1,0,1,1,1,1,1,0,1,0,1,1,1,1,1,0,1,1,1,1,0,0,0,0,16
2026-02-12 10:11:29,2026-02-12 10:11:29,IP Address,,100,760,True,2026-02-12 10:11:29,R_I_FU_01253,,,,,,,anonymous,EN,HZ23,Intervention B,3,4,4,5,3,4,5,4,1,1,1,0,1,1,1,1,1,0,1,0,1,0,1,0,0,0,1,1,1,1,1,0,1,17
2026-02-11 09:28:52,2026-02-11 09:28:52,IP Address,,100,196,True,2026-02-11 09:28:52,R_I_FU_01144,,,,,,,anonymous,EN,QO16,Intervention B,3,2,3,2,3,3,3,4,1,1,0,0,1,1,1,0,1,1,1,0,1,0,0,0,1,0,0,0,1,1,0,1,1,14
2026-02-02 09:13:07,2026-02-02 09:13:07,IP Address,,100,643,True,2026-02-02 09:13:07,R_I_FU_00919,,,,,,,anonymous,EN,SM28,Control,3,2,2,4,4,4,3,2,0,0,1,1,1,0,0,1,0,0,0,1,0,1,1,1,0,0,0,0,0,1,0,0,0,9
2026-02-20 09:49:31,2026-02-20 09:49:31,IP Address,,100,881,True,2026-02-20 09:49:31,R_I_FU_01207,,,,,,,anonymous,EN,WX16,Intervention B,5,5,5,5,4,5,4,5,1,1,1,0,1,1,1,1,0,1,1,0,1,1,1,1,1,1,0,1,1,1,1,1,1,21
2026-02-11 09:19:01,2026-02-11 09:19:01,IP Address,,100,313,True,2026-02-11 09:19:01,R_I_FU_01117,,,,,,,anonymous,EN,SF23,Intervention A,3,3,3,2,3,3,3,3,0,1,0,1,1,1,0,1,0,1,1,0,0,0,0,0,1,0,1,1,1,0,0,0,0,11
2026-02-17 15:40:40,2026-02-17 15:40:40,IP Address,,100,298,True,2026-02-17 15:40:40,R_I_FU_00880,,,,,,,anonymous,EN,HV12,Control,3,3,4,3,3,2,2,3,0,0,0,1,1,0,1,1,0,0,1,0,0,0,1,0,0,0,1,1,1,1,0,0,1,11
2026-02-13 11:30:30,2026-02-13 11:30:30,IP Address,,100,794,True,2026-02-13 11:30:30,R_I_FU_00930,,,,,,,anonymous,EN,UC28,Control,1,1,2,3,3,1,2,4,0,0,0,0,0,0,0,0,0,0,0,0,0,0,0,1,1,0,1,0,1,1,0,0,0,5
2026-02-09 16:38:02,2026-02-09 16:38:02,IP Address,,100,825,True,2026-02-09 16:38:02,R_I_FU_01034,,,,,,,anonymous,EN,KM01,Intervention A,4,3,4,5,3,3,3,3,0,0,1,0,1,0,0,1,0,1,0,0,0,0,1,0,0,1,1,1,1,0,1,0,0,10
2026-02-21 10:08:32,2026-02-21 10:08:32,IP Address,,100,397,True,2026-02-21 10:08:32,R_I_FU_00884,,,,,,,anonymous,EN,QJ18,Control,5,4,4,3,3,4,4,3,1,1,0,0,0,0,0,1,1,0,1,0,0,1,1,0,0,1,1,0,0,1,0,0,1,11
2026-02-22 11:09:51,2026-02-22 11:09:51,IP Address,,100,712,True,2026-02-22 11:09:51,R_I_FU_01047,,,,,,,anonymous,EN,WV03,Intervention A,3,4,3,5,4,4,5,5,0,1,1,0,1,0,1,0,0,1,0,1,1,1,1,1,0,1,1,1,1,1,1,0,0,16
2026-02-16 14:30:30,2026-02-16 14:30:30,IP Address,,100,295,True,2026-02-16 14:30:30,R_I_FU_01230,,,,,,,anonymous,EN,FT25,Intervention B,3,4,2,3,3,3,3,3,0,0,1,1,0,1,1,1,0,1,1,1,0,1,1,1,1,0,0,0,1,1,0,1,1,16
2026-02-27 16:08:32,2026-02-27 16:08:32,IP Address,,100,160,True,2026-02-27 16:08:32,R_I_FU_00944,,,,,,,anonymous,EN,VV11,Control,3,3,2,3,4,4,4,3,0,1,1,1,0,0,1,0,0,0,0,0,0,0,1,0,0,0,1,0,0,1,1,1,1,10
2026-02-13 11:00:00,2026-02-13 11:00:00,IP Address,,100,199,True,2026-02-13 11:00:00,R_I_FU_01200,,,,,,,anonymous,EN,TV16,Intervention B,4,2,4,2,3,3,3,3,0,0,0,1,1,0,0,0,1,0,0,0,1,0,1,0,1,0,1,1,1,1,1,0,0,11
2026-02-21 10:05:35,2026-02-21 10:05:35,IP Address,,100,514,True,2026-02-21 10:05:35,R_I_FU_01235,,,,,,,anonymous,EN,OG27,Intervention B,3,3,3,2,3,4,3,3,0,0,1,1,0,0,0,1,1,0,1,1,0,0,1,0,0,1,1,1,0,0,1,0,0,11
2026-02-23 12:22:58,2026-02-23 12:22:58,IP Address,,100,894,True,2026-02-23 12:22:58,R_I_FU_00886,,,,,,,anonymous,EN,CB02,Control,2,3,3,3,2,3,2,3,1,1,0,1,1,0,1,0,0,0,1,0,0,0,1,1,1,0,1,1,1,0,0,0,1,13
2026-02-24 13:08:32,2026-02-24 13:08:32,IP Address,,100,549,True,2026-02-24 13:08:32,R_I_FU_01184,,,,,,,anonymous,EN,IA04,Intervention B,4,3,4,4,3,3,4,4,0,1,1,1,1,1,1,1,0,0,1,0,0,1,1,0,0,0,1,0,1,1,1,1,1,16
2026-02-02 09:01:19,2026-02-02 09:01:19,IP Address,,100,62,True,2026-02-02 09:01:19,R_I_FU_01243,,,,,,,anonymous,EN,UD02,Intervention B,5,4,3,5,4,4,5,5,1,1,1,1,1,1,1,1,1,0,1,0,1,0,1,1,1,0,0,0,1,1,1,0,1,18
2026-02-16 14:18:42,2026-02-16 14:18:42,IP Address,,100,713,True,2026-02-16 14:18:42,R_I_FU_01014,,,,,,,anonymous,EN,AO13,Intervention A,4,5,2,4,2,3,4,2,1,0,1,1,1,1,1,1,1,1,1,0,1,0,1,1,0,0,1,0,1,1,1,0,1,18
2026-02-16 14:09:51,2026-02-16 14:09:51,IP Address,,100,158,True,2026-02-16 14:09:51,R_I_FU_00987,,,,,,,anonymous,EN,UQ02,Control,3,3,3,4,2,3,4,3,0,1,0,0,1,0,1,1,0,1,1,0,1,1,1,1,1,1,1,0,1,1,0,1,0,16
2026-02-14 12:55:25,2026-02-14 12:55:25,IP Address,,100,690,True,2026-02-14 12:55:25,R_I_FU_00985,,,,,,,anonymous,EN,HW09,Control,2,3,4,4,4,2,3,4,1,0,1,0,0,1,0,1,1,1,0,0,0,0,1,1,0,0,1,1,0,1,1,1,0,13
2026-02-24 13:23:17,2026-02-24 13:23:17,IP Address,,100,555,True,2026-02-24 13:23:17,R_I_FU_01049,,,,,,,anonymous,EN,TZ03,Intervention A,4,4,4,3,3,4,4,4,0,1,0,1,0,1,0,1,0,1,1,1,1,0,1,1,0,1,1,0,1,1,1,0,1,16
2026-02-14 12:07:13,2026-02-14 12:07:13,IP Address,,100,566,True,2026-02-14 12:07:13,R_I_FU_01201,,,,,,,anonymous,EN,HT20,Intervention B,5,3,4,5,5,4,5,3,0,1,0,1,1,1,1,1,0,1,1,0,0,1,0,1,1,1,0,0,0,1,0,1,1,15
2026-02-13 11:21:39,2026-02-13 11:21:39,IP Address,,100,809,True,2026-02-13 11:21:39,R_I_FU_00903,,,,,,,anonymous,EN,FX20,Control,4,4,4,3,5,5,4,5,0,0,0,1,0,0,1,1,0,1,0,0,1,0,1,1,1,1,0,0,1,0,1,1,1,13
2026-02-21 10:20:20,2026-02-21 10:20:20,IP Address,,100,145,True,2026-02-21 10:20:20,R_I_FU_01100,,,,,,,anonymous,EN,TZ28,Intervention A,5,3,4,4,4,3,3,4,0,0,0,1,1,1,1,0,1,0,0,0,1,0,1,1,0,1,1,0,0,1,0,0,1,12
2026-02-01 08:54:06,2026-02-01 08:54:06,IP Address,,100,362,True,2026-02-01 08:54:06,R_I_FU_01242,,,,,,,anonymous,EN,DF21,Intervention B,4,3,3,4,4,4,3,4,0,1,1,0,1,1,1,1,0,1,0,0,1,0,1,0,0,1,1,1,0,1,1,1,1,16
2026-02-22 11:33:27,2026-02-22 11:33:27,IP Address,,100,325,True,2026-02-22 11:33:27,R_I_FU_00939,,,,,,,anonymous,EN,TI01,Control,4,2,3,2,2,2,4,3,1,1,1,0,0,1,1,1,1,1,0,0,0,0,1,1,0,0,1,0,1,1,1,1,1,16
2026-02-07 14:42:18,2026-02-07 14:42:18,IP Address,,100,300,True,2026-02-07 14:42:18,R_I_FU_01086,,,,,,,anonymous,EN,TF04,Intervention A,4,5,3,4,5,3,3,4,1,0,1,1,0,1,1,1,0,0,1,0,0,1,1,1,0,1,0,0,1,0,1,0,1,14
2026-02-11 09:04:16,2026-02-11 09:04:16,IP Address,,100,503,True,2026-02-11 09:04:16,R_I_FU_01252,,,,,,,anonymous,EN,FA11,Intervention B,5,4,5,5,5,5,5,5,1,0,1,1,1,0,0,0,1,1,1,1,1,0,1,1,1,1,1,1,1,1,1,0,1,19
2026-02-22 11:03:57,2026-02-22 11:03:57,IP Address,,100,421,True,2026-02-22 11:03:57,R_I_FU_01209,,,,,,,anonymous,EN,NX24,Intervention B,4,4,4,5,4,5,5,4,0,0,0,1,1,1,1,0,0,0,1,1,1,1,1,1,0,0,1,1,1,1,1,0,1,16
2026-02-02 09:07:13,2026-02-02 09:07:13,IP Address,,100,386,True,2026-02-02 09:07:13,R_I_FU_01081,,,,,,,anonymous,EN,RL18,Intervention A,3,4,4,4,2,3,4,3,1,1,1,1,1,0,0,1,0,0,1,1,1,1,0,1,0,1,0,0,1,1,1,1,1,17
2026-02-26 15:40:40,2026-02-26 15:40:40,IP Address,,100,827,True,2026-02-26 15:40:40,R_I_FU_01240,,,,,,,anonymous,EN,OJ16,Intervention B,5,5,3,4,4,5,5,5,1,1,0,1,1,0,1,1,1,1,1,0,0,0,1,1,1,0,1,0,0,1,1,1,0,16
2026-02-23 12:01:19,2026-02-23 12:01:19,IP Address,,100,780,True,2026-02-23 12:01:19,R_I_FU_01183,,,,,,,anonymous,EN,UP24,Intervention B,3,2,3,2,5,4,3,2,1,0,1,0,0,1,0,1,0,0,0,0,0,0,0,0,1,0,0,1,0,0,0,0,0,6
2026-02-26 15:55:25,2026-02-26 15:55:25,IP Address,,100,340,True,2026-02-26 15:55:25,R_I_FU_01105,,,,,,,anonymous,EN,RF15,Intervention A,3,4,2,3,4,5,3,4,0,1,0,1,1,1,1,1,1,1,1,1,1,0,1,1,0,1,1,0,1,1,0,0,1,18
2026-02-08 15:58:22,2026-02-08 15:58:22,IP Address,,100,886,True,2026-02-08 15:58:22,R_I_FU_01114,,,,,,,anonymous,EN,XC17,Intervention A,3,3,4,3,2,4,2,3,1,1,1,0,1,0,1,0,0,0,0,0,0,0,1,0,0,0,0,0,0,0,0,0,1,7
2026-02-17 15:01:19,2026-02-17 15:01:19,IP Address,,100,361,True,2026-02-17 15:01:19,R_I_FU_01123,,,,,,,anonymous,EN,JP25,Intervention A,4,4,5,4,4,5,4,3,1,1,1,1,1,0,1,1,0,0,1,0,1,0,1,1,1,0,0,1,0,1,0,1,1,16
2026-02-08 15:31:49,2026-02-08 15:31:49,IP Address,,100,779,True,2026-02-08 15:31:49,R_I_FU_01033,,,,,,,anonymous,EN,XR10,Intervention A,2,3,4,4,4,3,2,2,0,1,1,1,1,1,1,1,1,0,0,0,0,1,0,0,0,1,1,0,1,1,0,1,1,15
2026-02-20 09:10:10,2026-02-20 09:10:10,IP Address,,100,173,True,2026-02-20 09:10:10,R_I_FU_00910,,,,,,,anonymous,EN,FL01,Control,2,2,3,3,3,2,2,2,0,1,1,0,1,1,0,0,0,0,0,0,0,0,1,0,1,0,0,1,1,0,0,0,1,9
2026-02-17 15:16:04,2026-02-17 15:16:04,IP Address,,100,827,True,2026-02-17 15:16:04,R_I_FU_00988,,,,,,,anonymous,EN,GW26,Control,4,3,3,2,4,2,3,4,0,1,0,1,1,1,0,1,0,0,0,0,0,1,0,0,0,0,1,0,1,0,1,0,1,10
2026-02-03 10:11:29,2026-02-03 10:11:29,IP Address,,100,183,True,2026-02-03 10:11:29,R_I_FU_00893,,,,,,,anonymous,EN,FO22,Control,2,2,2,3,2,1,2,3,0,1,0,1,1,0,0,1,0,1,1,0,1,1,0,1,1,1,0,0,1,1,0,1,0,14
2026-02-12 10:44:56,2026-02-12 10:44:56,IP Address,,100,719,True,2026-02-12 10:44:56,R_I_FU_01172,,,,,,,anonymous,EN,UU15,Intervention B,3,3,3,4,4,3,3,3,1,1,1,1,1,1,0,1,1,1,0,1,1,0,1,1,1,1,1,1,1,1,0,0,0,19
2026-02-25 14:03:57,2026-02-25 14:03:57,IP Address,,100,691,True,2026-02-25 14:03:57,R_I_FU_00969,,,,,,,anonymous,EN,SR22,Control,3,2,2,3,3,1,1,3,1,1,1,0,1,0,1,0,0,0,0,0,0,0,1,1,0,1,1,0,0,1,0,0,0,10
2026-02-20 09:31:49,2026-02-20 09:31:49,IP Address,,100,320,True,2026-02-20 09:31:49,R_I_FU_01153,,,,,,,anonymous,EN,CI05,Intervention B,5,3,4,4,4,3,4,5,0,1,1,1,1,0,0,1,0,0,0,1,0,1,1,1,0,1,0,1,1,1,0,1,1,15
2026-02-04 11:48:12,2026-02-04 11:48:12,IP Address,,100,72,True,2026-02-04 11:48:12,R_I_FU_01164,,,,,,,anonymous,EN,JL09,Intervention B,5,5,4,3,4,4,4,4,1,1,0,0,1,1,1,1,0,1,0,0,1,0,0,0,1,0,1,0,0,1,0,0,0,11
2026-02-17 15:25:55,2026-02-17 15:25:55,IP Address,,100,848,True,2026-02-17 15:25:55,R_I_FU_01015,,,,,,,anonymous,EN,KY28,Intervention A,3,3,2,3,3,2,3,2,0,0,0,0,1,0,0,1,0,0,0,0,0,1,0,1,0,0,1,0,0,1,1,0,1,8
2026-02-12 10:23:17,2026-02-12 10:23:17,IP Address,,100,514,True,2026-02-12 10:23:17,R_I_FU_00929,,,,,,,anonymous,EN,UD21,Control,1,1,3,2,1,1,2,3,1,0,1,0,0,0,0,1,0,0,1,0,0,0,1,1,0,1,1,0,0,0,0,0,1,9
2026-02-09 16:53:47,2026-02-09 16:53:47,IP Address,,100,530,True,2026-02-09 16:53:47,R_I_FU_00899,,,,,,,anonymous,EN,WT06,Control,4,3,4,3,3,4,3,3,0,0,1,0,0,0,1,0,0,0,1,0,0,0,1,0,0,1,1,0,1,1,0,0,1,9
2026-02-11 09:10:10,2026-02-11 09:10:10,IP Address,,100,615,True,2026-02-11 09:10:10,R_I_FU_01090,,,,,,,anonymous,EN,KT22,Intervention A,4,3,4,1,4,3,3,3,1,1,1,1,1,1,0,0,0,1,0,0,0,0,1,1,0,1,1,1,1,1,0,0,1,15
2026-02-27 16:29:11,2026-02-27 16:29:11,IP Address,,100,889,True,2026-02-27 16:29:11,R_I_FU_01187,,,,,,,anonymous,EN,NO28,Intervention B,4,4,4,4,4,4,5,3,0,1,0,1,0,0,0,1,0,0,1,1,0,1,1,1,0,1,1,1,1,1,1,0,0,14
2026-02-16 14:33:27,2026-02-16 14:33:27,IP Address,,100,484,True,2026-02-16 14:33:27,R_I_FU_00879,,,,,,,anonymous,EN,DQ07,Control,2,3,3,2,2,2,2,2,0,0,0,0,0,1,0,0,0,1,1,0,1,1,1,1,0,1,1,0,1,0,1,1,1,13
2026-02-05 12:25:55,2026-02-05 12:25:55,IP Address,,100,576,True,2026-02-05 12:25:55,R_I_FU_00895,,,,,,,anonymous,EN,CO04,Control,4,2,3,2,2,3,4,2,0,1,0,0,1,0,0,1,1,0,0,0,0,1,1,0,0,0,0,1,1,1,1,0,1,11
2026-02-09 16:56:44,2026-02-09 16:56:44,IP Address,,100,498,True,2026-02-09 16:56:44,R_I_FU_01088,,,,,,,anonymous,EN,JX22,Intervention A,3,3,3,2,3,3,3,4,0,1,0,1,1,0,0,1,0,0,0,0,0,0,1,1,0,0,0,0,0,0,1,0,0,7
2026-02-26 15:10:10,2026-02-26 15:10:10,IP Address,,100,676,True,2026-02-26 15:10:10,R_I_FU_00970,,,,,,,anonymous,EN,MG28,Control,2,2,2,4,2,2,2,1,0,1,0,1,1,0,1,1,0,0,1,0,1,1,0,1,0,0,1,0,1,1,0,1,1,14
2026-02-22 11:18:42,2026-02-22 11:18:42,IP Address,,100,748,True,2026-02-22 11:18:42,R_I_FU_01074,,,,,,,anonymous,EN,VI20,Intervention A,4,4,4,4,4,5,3,4,0,1,1,1,1,1,1,1,0,1,1,0,1,1,1,1,1,0,1,1,0,1,0,0,1,18
2026-02-15 13:47:53,2026-02-15 13:47:53,IP Address,,100,127,True,2026-02-15 13:47:53,R_I_FU_01121,,,,,,,anonymous,EN,YB13,Intervention A,4,5,4,4,4,4,3,5,1,0,0,1,1,1,0,1,0,1,0,0,0,0,1,1,0,0,0,1,1,1,1,1,1,14
2026-02-02 09:25:55,2026-02-02 09:25:55,IP Address,,100,161,True,2026-02-02 09:25:55,R_I_FU_01135,,,,,,,anonymous,EN,WO12,Intervention B,4,3,2,4,4,3,5,4,0,0,1,1,0,1,1,1,0,1,1,0,1,1,1,0,0,1,1,1,0,1,1,0,1,16
2026-02-23 12:07:13,2026-02-23 12:07:13,IP Address,,100,528,True,2026-02-23 12:07:13,R_I_FU_01021,,,,,,,anonymous,EN,AE04,Intervention A,4,3,3,4,3,3,2,3,1,1,0,1,1,0,0,1,0,0,0,1,0,0,1,1,0,0,0,1,1,1,0,0,1,12
2026-02-19 08:57:03,2026-02-19 08:57:03,IP Address,,100,441,True,2026-02-19 08:57:03,R_I_FU_01071,,,,,,,anonymous,EN,WF13,Intervention A,4,5,4,4,5,4,5,4,0,1,1,1,1,0,1,0,0,0,1,0,0,1,0,1,0,1,1,0,1,0,1,0,1,13
2026-02-13 11:39:21,2026-02-13 11:39:21,IP Address,,100,130,True,2026-02-13 11:39:21,R_I_FU_00957,,,,,,,anonymous,EN,FF13,Control,4,3,3,3,3,3,4,4,0,0,0,1,1,1,1,0,0,1,0,0,1,1,1,1,1,1,1,1,0,0,0,1,1,15
2026-02-05 12:19:01,2026-02-05 12:19:01,IP Address,,100,210,True,2026-02-05 12:19:01,R_I_FU_01057,,,,,,,anonymous,EN,QR18,Intervention A,3,3,3,2,4,4,3,3,1,1,0,0,1,1,0,0,1,1,0,0,0,0,1,1,0,1,0,0,1,1,0,1,0,12
2026-02-02 09:58:22,2026-02-02 09:58:22,IP Address,,100,797,True,2026-02-02 09:58:22,R_I_FU_01054,,,,,,,anonymous,EN,YV10,Intervention A,2,3,3,4,3,3,3,3,1,1,1,1,1,1,1,1,0,0,1,0,0,0,1,0,0,0,1,1,1,1,1,0,1,16
2026-02-19 08:42:18,2026-02-19 08:42:18,IP Address,,100,98,True,2026-02-19 08:42:18,R_I_FU_01206,,,,,,,anonymous,EN,UV18,Intervention B,4,5,5,5,5,3,4,5,1,1,0,1,1,1,1,0,0,0,1,1,0,1,1,1,1,1,0,1,0,1,1,1,1,18
2026-02-27 16:35:05,2026-02-27 16:35:05,IP Address,,100,471,True,2026-02-27 16:35:05,R_I_FU_01025,,,,,,,anonymous,EN,YR10,Intervention A,4,5,4,5,3,4,4,4,1,1,0,0,0,0,1,1,1,0,0,1,0,0,1,1,1,0,0,1,0,1,0,0,1,12
2026-02-01 08:18:42,2026-02-01 08:18:42,IP Address,,100,530,True,2026-02-01 08:18:42,R_I_FU_01134,,,,,,,anonymous,EN,QT25,Intervention B,5,4,4,5,5,5,5,5,0,1,1,1,1,0,0,1,0,0,1,1,1,0,1,1,0,0,1,1,1,1,1,1,1,17
2026-02-14 12:37:43,2026-02-14 12:37:43,IP Address,,100,535,True,2026-02-14 12:37:43,R_I_FU_00931,,,,,,,anonymous,EN,IX02,Control,3,3,3,4,4,3,3,5,0,1,0,1,1,0,1,1,1,1,1,0,0,0,1,0,1,1,1,0,1,0,1,0,0,14
2026-02-08 15:49:31,2026-02-08 15:49:31,IP Address,,100,109,True,2026-02-08 15:49:31,R_I_FU_01087,,,,,,,anonymous,EN,SL03,Intervention A,3,4,4,2,4,5,4,5,1,1,1,0,0,1,1,1,1,1,1,1,1,0,1,1,1,1,1,0,1,1,0,0,1,19
2026-02-19 08:54:06,2026-02-19 08:54:06,IP Address,,100,98,True,2026-02-19 08:54:06,R_I_FU_00882,,,,,,,anonymous,EN,IX20,Control,2,2,3,2,2,2,3,2,0,0,0,0,0,0,0,0,0,0,0,0,0,0,0,1,0,0,1,0,1,1,1,0,1,6
2026-02-10 08:57:03,2026-02-10 08:57:03,IP Address,,100,733,True,2026-02-10 08:57:03,R_I_FU_01251,,,,,,,anonymous,EN,CB01,Intervention B,3,4,4,4,4,3,5,4,0,0,1,0,0,1,1,1,1,0,0,0,0,0,1,0,0,0,1,0,1,0,0,0,1,9
2026-02-16 14:00:00,2026-02-16 14:00:00,IP Address,,100,707,True,2026-02-16 14:00:00,R_I_FU_00960,,,,,,,anonymous,EN,SK09,Control,4,2,4,2,4,3,4,2,0,0,1,0,0,0,0,0,1,0,1,0,0,0,1,1,0,0,1,1,1,1,1,1,1,12
2026-02-25 14:15:45,2026-02-25 14:15:45,IP Address,,100,630,True,2026-02-25 14:15:45,R_I_FU_01185,,,,,,,anonymous,EN,DX06,Intervention B,3,5,5,5,3,4,4,3,1,1,1,1,1,0,1,1,0,0,1,1,1,0,1,1,0,0,1,1,0,1,0,0,1,16
2026-02-09 16:14:26,2026-02-09 16:14:26,IP Address,,100,260,True,2026-02-09 16:14:26,R_I_FU_01142,,,,,,,anonymous,EN,WR26,Intervention B,3,4,3,3,3,4,5,4,0,0,0,0,0,0,1,1,0,1,1,0,1,0,1,1,0,0,1,1,1,1,0,1,0,12
2026-02-07 14:48:12,2026-02-07 14:48:12,IP Address,,100,389,True,2026-02-07 14:48:12,R_I_FU_00924,,,,,,,anonymous,EN,XT21,Control,3,3,3,3,3,4,3,3,1,1,1,1,1,0,1,1,0,1,1,0,0,1,1,1,0,1,1,0,0,0,1,1,1,17
2026-02-13 11:18:42,2026-02-13 11:18:42,IP Address,,100,417,True,2026-02-13 11:18:42,R_I_FU_01254,,,,,,,anonymous,EN,JR02,Intervention B,4,2,4,4,4,4,3,3,1,1,1,1,1,1,0,1,0,1,1,1,1,0,1,1,1,1,1,1,1,1,0,1,1,21
2026-02-20 09:04:16,2026-02-20 09:04:16,IP Address,,100,319,True,2026-02-20 09:04:16,R_I_FU_01072,,,,,,,anonymous,EN,SS18,Intervention A,4,3,2,3,3,2,2,2,0,0,0,0,0,0,0,0,0,0,1,1,0,1,0,0,0,0,0,0,1,0,0,0,0,4
2026-02-13 11:42:18,2026-02-13 11:42:18,IP Address,,100,760,True,2026-02-13 11:42:18,R_I_FU_01146,,,,,,,anonymous,EN,QP13,Intervention B,5,5,5,5,5,5,5,5,1,0,1,0,1,1,1,1,1,1,1,0,1,1,1,1,1,1,0,1,1,1,1,1,1,21
2026-02-25 14:33:27,2026-02-25 14:33:27,IP Address,,100,381,True,2026-02-25 14:33:27,R_I_FU_01239,,,,,,,anonymous,EN,OJ10,Intervention B,3,3,3,4,3,3,3,3,0,1,0,0,0,1,1,1,0,1,0,0,0,1,1,1,0,0,1,1,0,1,0,0,1,12
2026-02-08 15:13:07,2026-02-08 15:13:07,IP Address,,100,787,True,2026-02-08 15:13:07,R_I_FU_00979,,,,,,,anonymous,EN,NX21,Control,2,3,2,3,4,2,4,4,1,1,1,1,1,0,1,1,0,1,1,1,1,0,1,1,1,0,1,1,1,1,1,0,0,19
2026-02-06 13:29:11,2026-02-06 13:29:11,IP Address,,100,125,True,2026-02-06 13:29:11,R_I_FU_01247,,,,,,,anonymous,EN,MW23,Intervention B,4,3,3,5,3,3,3,4,0,1,0,1,1,1,1,1,1,0,0,0,0,0,1,0,1,0,0,0,1,1,0,1,1,13
2026-02-18 16:17:23,2026-02-18 16:17:23,IP Address,,100,816,True,2026-02-18 16:17:23,R_I_FU_01151,,,,,,,anonymous,EN,QN17,Intervention B,4,4,5,4,3,3,5,2,0,1,1,1,1,0,1,1,1,1,0,0,1,1,1,1,0,1,1,1,1,1,1,0,1,19
2026-02-21 10:02:38,2026-02-21 10:02:38,IP Address,,100,742,True,2026-02-21 10:02:38,R_I_FU_01046,,,,,,,anonymous,EN,WI23,Intervention A,3,4,1,4,3,3,4,4,0,1,1,0,1,1,1,1,0,0,1,0,0,0,1,0,0,0,1,1,1,1,0,0,1,13
2026-02-21 10:11:29,2026-02-21 10:11:29,IP Address,,100,461,True,2026-02-21 10:11:29,R_I_FU_01073,,,,,,,anonymous,EN,TC06,Intervention A,3,4,3,4,4,4,5,3,0,1,1,1,1,0,1,1,1,1,0,0,1,1,1,1,0,0,1,1,1,1,1,0,1,18
2026-02-04 11:30:30,2026-02-04 11:30:30,IP Address,,100,132,True,2026-02-04 11:30:30,R_I_FU_01110,,,,,,,anonymous,EN,UH26,Intervention A,3,4,3,4,4,4,4,5,0,1,1,1,1,1,1,0,1,0,0,0,1,0,1,1,0,1,0,0,1,1,0,0,1,14
2026-02-07 14:27:33,2026-02-07 14:27:33,IP Address,,100,284,True,2026-02-07 14:27:33,R_I_FU_01221,,,,,,,anonymous,EN,FC16,Intervention B,5,4,5,4,4,4,4,4,0,1,1,0,1,0,1,1,0,0,1,0,1,0,1,1,0,0,0,1,1,1,0,0,0,12
2026-02-11 09:34:46,2026-02-11 09:34:46,IP Address,,100,80,True,2026-02-11 09:34:46,R_I_FU_00982,,,,,,,anonymous,EN,BW07,Control,4,4,4,3,3,2,2,3,0,1,0,1,1,0,1,1,0,1,1,1,1,0,1,1,1,0,0,0,1,1,0,1,1,16
2026-02-05 12:55:25,2026-02-05 12:55:25,IP Address,,100,720,True,2026-02-05 12:55:25,R_I_FU_01165,,,,,,,anonymous,EN,OO21,Intervention B,4,3,4,5,4,5,3,5,0,0,0,1,0,0,0,1,0,0,1,1,0,0,1,0,0,1,1,0,0,1,1,0,1,10
2026-02-03 10:14:26,2026-02-03 10:14:26,IP Address,,100,466,True,2026-02-03 10:14:26,R_I_FU_01082,,,,,,,anonymous,EN,UF05,Intervention A,4,4,3,5,4,4,3,3,0,1,0,1,1,1,1,1,1,1,1,1,1,1,1,1,0,0,1,1,1,1,1,0,1,20
2026-02-07 14:51:09,2026-02-07 14:51:09,IP Address,,100,616,True,2026-02-07 14:51:09,R_I_FU_01113,,,,,,,anonymous,EN,ZO16,Intervention A,4,4,3,3,4,3,4,3,1,1,0,0,1,0,1,1,1,0,1,1,0,1,1,0,1,0,1,1,1,1,1,0,1,17
2026-02-05 12:28:52,2026-02-05 12:28:52,IP Address,,100,247,True,2026-02-05 12:28:52,R_I_FU_01084,,,,,,,anonymous,EN,VC06,Intervention A,3,4,3,3,3,3,4,3,0,0,0,0,0,1,1,1,0,1,1,0,1,0,1,1,0,1,1,0,0,1,1,0,0,12
2026-02-16 14:45:15,2026-02-16 14:45:15,IP Address,,100,495,True,2026-02-16 14:45:15,R_I_FU_01095,,,,,,,anonymous,EN,UL03,Intervention A,3,4,3,3,4,3,4,4,0,1,1,0,0,1,1,1,0,0,1,0,1,1,1,1,0,1,1,1,1,0,0,1,1,16
2026-02-04 11:12:48,2026-02-04 11:12:48,IP Address,,100,834,True,2026-02-04 11:12:48,R_I_FU_01056,,,,,,,anonymous,EN,XL25,Intervention A,4,3,4,3,3,4,3,3,1,0,1,0,1,0,1,1,0,1,0,0,0,1,0,1,0,0,0,1,1,1,0,0,1,12
2026-02-05 12:46:34,2026-02-05 12:46:34,IP Address,,100,692,True,2026-02-05 12:46:34,R_I_FU_01138,,,,,,,anonymous,EN,FX08,Intervention B,4,3,5,5,5,5,4,4,1,0,1,1,0,0,0,1,1,0,0,0,1,0,0,1,0,0,1,1,1,1,0,1,0,12
2026-02-17 15:52:28,2026-02-17 15:52:28,IP Address,,100,826,True,2026-02-17 15:52:28,R_I_FU_01096,,,,,,,anonymous,EN,LE13,Intervention A,4,4,4,4,4,3,4,3,0,1,0,1,1,0,1,1,0,0,1,0,1,0,0,1,0,1,1,1,0,1,0,0,0,12
2026-02-12 10:02:38,2026-02-12 10:02:38,IP Address,,100,392,True,2026-02-12 10:02:38,R_I_FU_01226,,,,,,,anonymous,EN,OH23,Intervention B,3,3,5,4,2,3,3,3,1,1,0,1,1,1,1,1,0,1,1,0,1,0,1,1,0,0,1,1,1,0,1,1,1,18
2026-02-23 12:43:37,2026-02-23 12:43:37,IP Address,,100,149,True,2026-02-23 12:43:37,R_I_FU_01129,,,,,,,anonymous,EN,UB13,Intervention A,5,4,4,4,5,3,3,4,0,1,0,1,1,0,1,1,0,0,0,1,0,0,1,0,0,1,0,0,1,0,1,0,0,10
2026-02-20 09:13:07,2026-02-20 09:13:07,IP Address,,100,498,True,2026-02-20 09:13:07,R_I_FU_01099,,,,,,,anonymous,EN,FV16,Intervention A,4,4,3,3,4,3,3,3,1,0,0,1,1,1,0,1,0,0,0,1,0,0,1,1,0,0,1,0,0,1,1,1,0,12
2026-02-06 13:20:20,2026-02-06 13:20:20,IP Address,,100,285,True,2026-02-06 13:20:20,R_I_FU_01220,,,,,,,anonymous,EN,XX12,Intervention B,4,5,3,3,4,5,4,5,1,0,1,1,1,1,1,1,1,1,1,0,1,0,1,1,1,0,1,1,0,1,1,1,1,20
2026-02-04 11:15:45,2026-02-04 11:15:45,IP Address,,100,540,True,2026-02-04 11:15:45,R_I_FU_01245,,,,,,,anonymous,EN,EI14,Intervention B,5,4,5,5,4,5,5,5,1,1,1,1,1,1,1,1,0,1,1,1,1,0,1,1,1,1,1,0,1,1,1,0,1,21
2026-02-21 10:47:53,2026-02-21 10:47:53,IP Address,,100,759,True,2026-02-21 10:47:53,R_I_FU_01181,,,,,,,anonymous,EN,OS02,Intervention B,4,4,5,4,5,4,2,5,1,1,1,1,1,1,0,0,1,1,0,0,1,1,1,1,0,1,1,1,1,1,0,1,1,19
2026-02-09 16:05:35,2026-02-09 16:05:35,IP Address,,100,635,True,2026-02-09 16:05:35,R_I_FU_01115,,,,,,,anonymous,EN,VG21,Intervention A,4,3,3,3,2,4,3,3,1,1,0,1,1,1,1,1,1,1,0,0,1,1,0,1,0,0,1,0,0,1,1,1,1,17
2026-02-15 13:20:20,2026-02-15 13:20:20,IP Address,,100,841,True,2026-02-15 13:20:20,R_I_FU_01040,,,,,,,anonymous,EN,AT09,Intervention A,5,4,5,4,3,4,4,3,0,0,1,1,1,1,1,1,1,0,0,0,1,1,1,1,0,1,0,1,1,1,0,1,1,17
2026-02-23 12:34:46,2026-02-23 12:34:46,IP Address,,100,107,True,2026-02-23 12:34:46,R_I_FU_01102,,,,,,,anonymous,EN,KO01,Intervention A,4,5,4,3,5,4,2,4,1,0,0,1,1,0,1,1,1,0,0,1,0,0,1,1,1,0,1,1,1,1,1,1,1,17
2026-02-23 12:58:22,2026-02-23 12:58:22,IP Address,,100,551,True,2026-02-23 12:58:22,R_I_FU_00994,,,,,,,anonymous,EN,TM10,Control,4,5,4,4,4,4,4,3,1,1,0,1,1,1,0,0,1,0,1,0,1,1,1,1,1,1,1,0,0,1,0,0,1,16
2026-02-12 10:32:08,2026-02-12 10:32:08,IP Address,,100,627,True,2026-02-12 10:32:08,R_I_FU_00956,,,,,,,anonymous,EN,FU07,Control,2,4,4,4,3,3,3,4,1,1,1,0,1,0,1,0,0,1,1,1,1,1,1,1,1,0,1,0,0,1,1,1,1,18
2026-02-20 09:01:19,2026-02-20 09:01:19,IP Address,,100,293,True,2026-02-20 09:01:19,R_I_FU_00883,,,,,,,anonymous,EN,UG08,Control,3,4,3,3,3,4,3,3,1,0,0,0,1,0,0,1,0,1,1,1,0,1,1,0,0,1,1,0,0,0,1,0,0,11
2026-02-22 11:45:15,2026-02-22 11:45:15,IP Address,,100,822,True,2026-02-22 11:45:15,R_I_FU_01155,,,,,,,anonymous,EN,IT04,Intervention B,4,4,5,4,4,4,4,3,1,1,0,1,1,0,1,1,0,0,1,0,0,1,1,1,0,0,1,0,0,1,1,0,0,13
2026-02-02 09:49:31,2026-02-02 09:49:31,IP Address,,100,142,True,2026-02-02 09:49:31,R_I_FU_01027,,,,,,,anonymous,EN,RP01,Intervention A,3,3,3,4,5,3,5,3,1,0,0,1,1,1,1,1,0,0,1,0,1,0,1,1,1,1,0,0,1,1,0,0,1,15
2026-02-11 09:16:04,2026-02-11 09:16:04,IP Address,,100,398,True,2026-02-11 09:16:04,R_I_FU_00928,,,,,,,anonymous,EN,DJ17,Control,4,4,4,5,4,4,4,4,1,1,0,1,0,1,0,1,0,1,1,0,1,1,1,1,1,0,1,1,1,1,1,1,1,19
2026-02-20 09:37:43,2026-02-20 09:37:43,IP Address,,100,446,True,2026-02-20 09:37:43,R_I_FU_00991,,,,,,,anonymous,EN,ZZ22,Control,1,2,1,2,2,2,3,3,0,0,0,0,1,0,1,0,0,0,1,0,1,0,0,1,0,0,1,1,1,0,0,0,1,9
2026-02-13 11:06:54,2026-02-13 11:06:54,IP Address,,100,282,True,2026-02-13 11:06:54,R_I_FU_01038,,,,,,,anonymous,EN,WN01,Intervention A,3,4,4,3,3,4,4,3,0,1,0,0,0,0,0,0,0,1,1,0,1,0,0,1,0,1,1,0,0,1,1,0,1,10
2026-02-26 15:46:34,2026-02-26 15:46:34,IP Address,,100,601,True,2026-02-26 15:46:34,R_I_FU_01078,,,,,,,anonymous,EN,PW28,Intervention A,3,2,3,1,2,3,3,2,0,0,0,0,1,0,0,1,0,0,0,0,0,0,0,1,0,0,0,0,0,1,0,0,1,5
2026-02-27 16:59:41,2026-02-27 16:59:41,IP Address,,100,611,True,2026-02-27 16:59:41,R_I_FU_00917,,,,,,,anonymous,EN,OB03,Control,3,3,3,2,4,2,4,2,0,1,1,1,0,0,1,0,0,1,1,0,1,0,0,1,1,0,0,0,1,1,1,0,1,13
2026-02-24 13:17:23,2026-02-24 13:17:23,IP Address,,100,857,True,2026-02-24 13:17:23,R_I_FU_01211,,,,,,,anonymous,EN,PA19,Intervention B,4,4,3,3,5,5,5,4,1,1,1,1,1,1,1,0,1,0,1,1,1,0,1,1,0,0,1,0,1,1,1,1,1,19
2026-02-27 16:38:02,2026-02-27 16:38:02,IP Address,,100,410,True,2026-02-27 16:38:02,R_I_FU_01214,,,,,,,anonymous,EN,LA17,Intervention B,2,3,2,1,2,2,4,2,1,1,1,0,0,0,0,0,0,0,0,1,1,0,1,1,0,0,1,0,0,0,0,1,0,9
2026-02-18 16:26:14,2026-02-18 16:26:14,IP Address,,100,187,True,2026-02-18 16:26:14,R_I_FU_01178,,,,,,,anonymous,EN,VW12,Intervention B,2,5,3,5,3,5,5,5,1,1,1,0,0,0,0,0,1,1,0,1,1,1,0,0,1,1,1,0,0,1,1,1,0,14
2026-02-09 16:23:17,2026-02-09 16:23:17,IP Address,,100,352,True,2026-02-09 16:23:17,R_I_FU_01169,,,,,,,anonymous,EN,MA07,Intervention B,5,5,5,5,5,5,4,5,1,1,1,1,1,0,1,1,0,0,1,1,1,0,1,1,1,1,1,0,0,1,0,1,1,18
2026-02-04 11:39:21,2026-02-04 11:39:21,IP Address,,100,739,True,2026-02-04 11:39:21,R_I_FU_01137,,,,,,,anonymous,EN,PS02,Intervention B,4,5,5,4,5,5,4,2,1,1,0,1,1,1,1,0,0,1,1,0,0,0,0,1,1,1,0,1,1,1,1,0,1,16
2026-02-20 09:46:34,2026-02-20 09:46:34,IP Address,,100,206,True,2026-02-20 09:46:34,R_I_FU_01018,,,,,,,anonymous,EN,WO19,Intervention A,4,4,3,3,4,5,3,5,1,1,1,0,1,1,1,1,1,0,1,1,0,0,1,1,1,0,1,1,0,0,1,1,1,18
2026-02-04 11:18:42,2026-02-04 11:18:42,IP Address,,100,94,True,2026-02-04 11:18:42,R_I_FU_00894,,,,,,,anonymous,EN,RF22,Control,4,4,3,3,2,4,3,4,0,0,1,1,1,0,0,0,1,1,0,0,0,1,0,1,1,1,1,0,1,1,1,0,1,14
2026-02-17 15:46:34,2026-02-17 15:46:34,IP Address,,100,299,True,2026-02-17 15:46:34,R_I_FU_01258,,,,,,,anonymous,EN,QU20,Intervention B,3,5,4,5,3,4,5,3,0,0,1,1,1,1,1,1,0,0,1,1,1,0,1,0,0,0,1,0,1,1,1,1,1,16
2026-02-13 11:15:45,2026-02-13 11:15:45,IP Address,,100,564,True,2026-02-13 11:15:45,R_I_FU_01065,,,,,,,anonymous,EN,ZQ16,Intervention A,2,3,2,3,3,3,3,2,0,0,1,0,1,0,1,0,0,0,0,0,0,1,1,0,0,1,1,0,1,0,0,0,1,9
2026-02-15 13:38:02,2026-02-15 13:38:02,IP Address,,100,859,True,2026-02-15 13:38:02,R_I_FU_01094,,,,,,,anonymous,EN,DM01,Intervention A,5,5,3,3,2,3,4,2,0,0,0,0,0,0,0,0,0,0,0,1,0,0,0,1,0,0,0,0,0,1,1,0,0,4
2026-02-02 09:16:04,2026-02-02 09:16:04,IP Address,,100,471,True,2026-02-02 09:16:04,R_I_FU_01108,,,,,,,anonymous,EN,HS25,Intervention A,2,3,3,4,3,5,3,4,1,1,1,0,1,1,1,1,1,1,1,1,1,0,1,1,0,1,1,0,1,1,1,0,1,20
2026-02-08 15:43:37,2026-02-08 15:43:37,IP Address,,100,114,True,2026-02-08 15:43:37,R_I_FU_01249,,,,,,,anonymous,EN,QO10,Intervention B,3,3,5,3,3,5,4,4,0,1,1,1,1,0,1,1,0,1,1,0,0,0,1,1,0,1,1,1,0,1,1,0,1,16
2026-02-09 16:47:53,2026-02-09 16:47:53,IP Address,,100,365,True,2026-02-09 16:47:53,R_I_FU_01061,,,,,,,anonymous,EN,EA19,Intervention A,5,4,3,2,2,4,4,4,1,1,1,0,1,1,1,1,1,1,0,1,1,0,1,1,1,1,1,1,1,1,1,1,0,21
2026-02-23 12:25:55,2026-02-23 12:25:55,IP Address,,100,302,True,2026-02-23 12:25:55,R_I_FU_01075,,,,,,,anonymous,EN,QG10,Intervention A,3,3,5,4,4,4,3,3,1,0,0,0,0,0,0,0,0,0,0,0,0,0,0,1,0,1,1,0,1,1,0,0,1,7
2026-02-14 12:58:22,2026-02-14 12:58:22,IP Address,,100,180,True,2026-02-14 12:58:22,R_I_FU_01174,,,,,,,anonymous,EN,ZI03,Intervention B,3,2,4,5,3,4,5,3,0,1,0,1,0,1,1,1,0,1,1,1,1,0,1,1,0,1,1,1,1,1,0,0,1,17
2026-02-07 14:39:21,2026-02-07 14:39:21,IP Address,,100,781,True,2026-02-07 14:39:21,R_I_FU_00897,,,,,,,anonymous,EN,CG04,Control,2,3,3,4,3,2,3,3,1,1,0,1,1,0,1,1,0,0,0,0,0,0,1,1,0,1,1,1,1,1,0,0,1,14
2026-02-17 15:34:46,2026-02-17 15:34:46,IP Address,,100,254,True,2026-02-17 15:34:46,R_I_FU_01042,,,,,,,anonymous,EN,GS18,Intervention A,1,2,3,1,1,2,2,2,0,0,0,0,0,0,0,1,0,0,1,0,0,1,1,1,1,0,0,0,1,1,0,0,1,9
2026-02-14 12:04:16,2026-02-14 12:04:16,IP Address,,100,561,True,2026-02-14 12:04:16,R_I_FU_01012,,,,,,,anonymous,EN,RV17,Intervention A,3,3,4,1,4,4,3,4,0,1,0,1,1,0,1,1,1,0,0,1,1,0,0,0,0,0,1,1,0,1,1,1,1,14
2026-02-06 13:59:41,2026-02-06 13:59:41,IP Address,,100,690,True,2026-02-06 13:59:41,R_I_FU_00977,,,,,,,anonymous,EN,HE09,Control,2,3,4,2,3,2,2,3,1,1,1,1,0,0,0,1,1,1,0,0,1,1,1,1,0,0,1,1,1,1,1,1,1,18
2026-02-01 08:15:45,2026-02-01 08:15:45,IP Address,,100,82,True,2026-02-01 08:15:45,R_I_FU_00945,,,,,,,anonymous,EN,TC21,Control,2,3,3,2,4,3,3,3,0,0,1,0,1,1,1,1,0,0,1,0,0,0,1,1,1,0,1,0,1,1,0,0,0,12
2026-02-07 14:06:54,2026-02-07 14:06:54,IP Address,,100,169,True,2026-02-07 14:06:54,R_I_FU_00978,,,,,,,anonymous,EN,CY13,Control,2,3,3,2,3,3,3,2,0,1,1,0,1,1,0,1,0,0,0,0,1,0,1,1,0,0,1,1,0,1,0,0,0,11
2026-02-21 10:35:05,2026-02-21 10:35:05,IP Address,,100,708,True,2026-02-21 10:35:05,R_I_FU_00965,,,,,,,anonymous,EN,QX07,Control,2,3,3,2,2,3,4,3,0,0,1,0,1,0,1,0,1,0,1,1,0,0,1,0,0,0,0,1,1,1,1,1,1,13
2026-02-01 08:00:00,2026-02-01 08:00:00,IP Address,,100,629,True,2026-02-01 08:00:00,R_I_FU_01080,,,,,,,anonymous,EN,SB26,Intervention A,3,4,3,3,4,5,2,4,1,1,1,1,0,1,1,1,1,1,1,0,1,1,1,1,1,1,1,1,1,0,1,1,1,22
2026-02-24 13:50:50,2026-02-24 13:50:50,IP Address,,100,741,True,2026-02-24 13:50:50,R_I_FU_01130,,,,,,,anonymous,EN,II13,Intervention A,3,1,3,2,3,4,2,2,0,0,0,1,1,0,1,1,0,1,1,0,0,1,1,0,0,0,1,0,0,1,1,1,1,13
2026-02-10 08:48:12,2026-02-10 08:48:12,IP Address,,100,873,True,2026-02-10 08:48:12,R_I_FU_01224,,,,,,,anonymous,EN,TK21,Intervention B,4,3,4,4,3,3,4,4,0,0,0,1,0,0,1,1,0,1,1,0,1,1,1,1,0,0,1,1,1,1,0,0,1,14
2026-02-09 16:20:20,2026-02-09 16:20:20,IP Address,,100,393,True,2026-02-09 16:20:20,R_I_FU_00980,,,,,,,anonymous,EN,SJ15,Control,3,2,1,2,2,2,3,3,0,1,0,0,0,1,1,0,0,0,0,0,0,1,1,0,1,0,0,0,0,1,1,0,1,9
2026-02-25 14:06:54,2026-02-25 14:06:54,IP Address,,100,228,True,2026-02-25 14:06:54,R_I_FU_01158,,,,,,,anonymous,EN,JM10,Intervention B,4,4,4,4,4,5,4,4,1,1,1,1,1,1,1,0,0,0,1,1,1,1,1,1,1,0,1,0,1,0,0,0,1,17
2026-02-23 12:52:28,2026-02-23 12:52:28,IP Address,,100,238,True,2026-02-23 12:52:28,R_I_FU_01156,,,,,,,anonymous,EN,MK23,Intervention B,3,3,3,3,2,2,3,3,0,1,0,0,1,1,1,1,0,0,1,0,0,0,1,1,0,0,0,1,1,0,0,0,1,11
2026-02-14 12:28:52,2026-02-14 12:28:52,IP Address,,100,610,True,2026-02-14 12:28:52,R_I_FU_00904,,,,,,,anonymous,EN,MV26,Control,3,3,5,4,3,3,2,3,0,0,1,0,0,1,0,0,0,0,0,0,1,1,1,1,0,1,0,0,1,1,0,0,0,9
2026-02-27 16:17:23,2026-02-27 16:17:23,IP Address,,100,534,True,2026-02-27 16:17:23,R_I_FU_00971,,,,,,,anonymous,EN,OD09,Control,2,2,2,2,3,1,3,2,0,1,0,1,0,1,0,1,0,0,1,1,1,1,1,1,0,0,0,1,1,0,1,0,1,14
2026-02-22 11:12:48,2026-02-22 11:12:48,IP Address,,100,66,True,2026-02-22 11:12:48,R_I_FU_01236,,,,,,,anonymous,EN,NH06,Intervention B,3,3,4,5,3,4,5,4,1,1,0,1,1,0,1,1,1,0,0,1,0,0,0,1,1,0,1,1,0,0,1,0,1,14
2026-02-26 15:04:16,2026-02-26 15:04:16,IP Address,,100,620,True,2026-02-26 15:04:16,R_I_FU_01132,,,,,,,anonymous,EN,JE11,Intervention B,3,3,3,4,2,3,2,2,0,1,0,1,0,0,0,1,0,0,1,0,1,1,1,1,0,0,0,0,1,0,0,1,0,10
2026-02-22 11:42:18,2026-02-22 11:42:18,IP Address,,100,824,True,2026-02-22 11:42:18,R_I_FU_00966,,,,,,,anonymous,EN,UG25,Control,5,2,3,3,4,3,3,3,0,0,0,0,0,0,1,1,0,0,0,0,0,1,0,1,0,0,0,0,0,1,0,0,0,5
2026-02-20 09:28:52,2026-02-20 09:28:52,IP Address,,100,444,True,2026-02-20 09:28:52,R_I_FU_00964,,,,,,,anonymous,EN,WE10,Control,3,4,3,4,3,3,3,3,1,1,1,0,0,0,1,0,0,1,0,1,0,0,1,1,1,0,0,0,0,1,0,1,1,12
2026-02-26 15:43:37,2026-02-26 15:43:37,IP Address,,100,311,True,2026-02-26 15:43:37,R_I_FU_00889,,,,,,,anonymous,EN,ND19,Control,2,2,2,2,2,3,3,2,0,1,0,1,1,0,0,0,0,0,0,1,0,0,0,0,0,0,1,0,0,0,0,0,0,5
2026-02-22 11:36:24,2026-02-22 11:36:24,IP Address,,100,457,True,2026-02-22 11:36:24,R_I_FU_01128,,,,,,,anonymous,EN,PF20,Intervention A,4,4,2,4,4,3,3,5,0,0,1,1,0,1,1,1,1,1,0,1,1,1,1,1,0,1,1,1,1,1,1,1,1,20
2026-02-24 13:41:59,2026-02-24 13:41:59,IP Address,,100,631,True,2026-02-24 13:41:59,R_I_FU_01103,,,,,,,anonymous,EN,WD02,Intervention A,3,3,3,4,3,2,3,2,0,1,0,1,1,0,0,0,0,1,1,0,0,1,1,0,0,1,1,1,1,1,1,0,1,14
2026-02-23 12:40:40,2026-02-23 12:40:40,IP Address,,100,595,True,2026-02-23 12:40:40,R_I_FU_00940,,,,,,,anonymous,EN,TN25,Control,3,1,3,3,3,4,3,3,0,1,1,0,1,1,1,1,1,0,0,0,1,0,1,1,1,0,1,1,1,1,1,0,1,17
2026-02-13 11:51:09,2026-02-13 11:51:09,IP Address,,100,852,True,2026-02-13 11:51:09,R_I_FU_01173,,,,,,,anonymous,EN,NA12,Intervention B,4,4,3,5,5,4,5,5,1,0,1,0,0,0,0,0,0,0,1,0,0,0,1,1,0,0,1,0,1,0,1,0,1,9
2026-02-12 10:50:50,2026-02-12 10:50:50,IP Address,,100,473,True,2026-02-12 10:50:50,R_I_FU_01010,,,,,,,anonymous,EN,UH05,Intervention A,2,4,4,3,4,3,4,4,1,1,1,1,1,0,1,0,0,0,1,0,0,1,1,1,0,1,0,1,1,1,0,0,1,15
2026-02-20 09:22:58,2026-02-20 09:22:58,IP Address,,100,203,True,2026-02-20 09:22:58,R_I_FU_01126,,,,,,,anonymous,EN,DZ11,Intervention A,4,3,4,3,3,2,3,2,1,0,1,1,1,1,0,0,0,0,0,0,1,1,1,1,0,1,1,0,0,1,1,0,1,14
2026-02-19 08:12:48,2026-02-19 08:12:48,IP Address,,100,262,True,2026-02-19 08:12:48,R_I_FU_00936,,,,,,,anonymous,EN,AB09,Control,4,3,2,4,3,3,2,3,1,1,1,1,1,1,1,0,0,1,0,0,1,0,0,0,0,1,1,1,0,0,0,0,1,13
2026-02-03 10:56:44,2026-02-03 10:56:44,IP Address,,100,751,True,2026-02-03 10:56:44,R_I_FU_01028,,,,,,,anonymous,EN,GJ07,Intervention A,4,4,4,3,3,4,4,4,1,1,1,1,1,1,0,0,1,0,1,1,1,0,1,1,0,0,1,1,1,1,0,0,1,17
2026-02-19 08:03:57,2026-02-19 08:03:57,IP Address,,100,165,True,2026-02-19 08:03:57,R_I_FU_00909,,,,,,,anonymous,EN,CI13,Control,2,3,4,4,5,3,3,3,0,0,0,1,1,1,1,1,0,1,1,0,1,1,1,1,0,0,1,1,0,1,0,1,0,15
2026-02-18 16:41:59,2026-02-18 16:41:59,IP Address,,100,215,True,2026-02-18 16:41:59,R_I_FU_01043,,,,,,,anonymous,EN,CV13,Intervention A,2,3,3,4,2,2,2,3,0,1,0,0,0,0,1,0,0,0,0,1,0,1,1,1,0,0,1,1,1,1,0,0,0,10
2026-02-11 09:25:55,2026-02-11 09:25:55,IP Address,,100,288,True,2026-02-11 09:25:55,R_I_FU_00955,,,,,,,anonymous,EN,EI24,Control,3,3,2,3,3,2,3,2,0,0,0,0,0,0,0,1,0,1,0,0,0,0,1,1,0,0,0,1,1,0,0,0,0,6
2026-02-16 14:36:24,2026-02-16 14:36:24,IP Address,,100,757,True,2026-02-16 14:36:24,R_I_FU_01068,,,,,,,anonymous,EN,UX20,Intervention A,4,3,3,2,3,2,4,3,1,1,0,1,1,1,1,1,1,0,0,0,1,0,1,1,0,0,0,1,1,0,0,0,1,14
2026-02-07 14:18:42,2026-02-07 14:18:42,IP Address,,100,550,True,2026-02-07 14:18:42,R_I_FU_01194,,,,,,,anonymous,EN,NB06,Intervention B,4,4,5,4,4,5,4,4,1,0,1,1,1,0,1,1,0,0,1,0,1,0,1,1,0,1,1,1,1,1,1,1,1,18
2026-02-11 09:43:37,2026-02-11 09:43:37,IP Address,,100,461,True,2026-02-11 09:43:37,R_I_FU_01009,,,,,,,anonymous,EN,HX01,Intervention A,3,3,3,3,3,4,4,4,0,0,0,1,1,1,1,1,1,1,1,0,1,0,1,1,0,1,1,0,1,1,1,0,1,17
2026-02-18 16:14:26,2026-02-18 16:14:26,IP Address,,100,502,True,2026-02-18 16:14:26,R_I_FU_00962,,,,,,,anonymous,EN,EA06,Control,3,3,3,3,4,4,4,3,1,1,0,1,1,1,0,0,0,0,0,1,1,1,0,0,0,0,1,0,1,1,0,1,1,13
2026-02-26 15:22:58,2026-02-26 15:22:58,IP Address,,100,591,True,2026-02-26 15:22:58,R_I_FU_01186,,,,,,,anonymous,EN,XJ12,Intervention B,4,3,5,5,5,5,4,4,1,1,0,1,1,0,1,1,1,0,1,1,1,1,1,1,1,1,1,1,1,1,1,0,1,21
2026-02-06 13:11:29,2026-02-06 13:11:29,IP Address,,100,640,True,2026-02-06 13:11:29,R_I_FU_01193,,,,,,,anonymous,EN,IW25,Intervention B,4,3,2,3,3,4,2,3,0,0,1,0,1,1,0,0,0,0,0,0,0,0,1,0,0,0,1,0,1,1,1,0,0,8
2026-02-01 08:09:51,2026-02-01 08:09:51,IP Address,,100,188,True,2026-02-01 08:09:51,R_I_FU_01107,,,,,,,anonymous,EN,LT05,Intervention A,3,4,3,3,3,2,3,3,0,1,0,0,1,0,1,1,0,1,1,1,0,0,0,1,1,0,0,1,1,1,1,0,0,13
2026-02-07 14:15:45,2026-02-07 14:15:45,IP Address,,100,592,True,2026-02-07 14:15:45,R_I_FU_01005,,,,,,,anonymous,EN,EL03,Intervention A,3,4,2,3,3,3,3,2,0,1,1,1,0,0,1,0,1,1,1,0,1,0,1,1,1,1,1,0,0,1,0,1,1,16
2026-02-17 15:07:13,2026-02-17 15:07:13,IP Address,,100,517,True,2026-02-17 15:07:13,R_I_FU_00961,,,,,,,anonymous,EN,LR17,Control,4,3,4,5,4,5,3,2,0,1,1,1,0,1,0,1,1,0,0,1,1,1,1,1,0,0,1,1,1,0,1,1,1,17
2026-02-01 08:51:09,2026-02-01 08:51:09,IP Address,,100,430,True,2026-02-01 08:51:09,R_I_FU_01053,,,,,,,anonymous,EN,JA19,Intervention A,3,3,5,5,4,5,4,4,1,1,1,1,0,0,1,1,1,0,1,1,0,0,1,1,1,1,1,0,0,0,1,1,1,17
2026-02-03 10:08:32,2026-02-03 10:08:32,IP Address,,100,823,True,2026-02-03 10:08:32,R_I_FU_01244,,,,,,,anonymous,EN,PW22,Intervention B,4,5,4,3,5,3,4,4,0,1,0,1,1,1,1,0,0,0,0,0,1,1,1,1,1,0,1,0,1,1,1,1,1,16
2026-02-16 14:21:39,2026-02-16 14:21:39,IP Address,,100,213,True,2026-02-16 14:21:39,R_I_FU_01203,,,,,,,anonymous,EN,LM27,Intervention B,5,4,5,4,5,5,5,5,1,1,0,1,1,0,1,1,1,0,0,0,0,0,1,1,1,1,1,0,1,1,1,0,1,16
2026-02-16 14:03:57,2026-02-16 14:03:57,IP Address,,100,484,True,2026-02-16 14:03:57,R_I_FU_01149,,,,,,,anonymous,EN,QB04,Intervention B,4,3,4,5,2,3,3,4,1,0,1,0,1,1,1,1,1,1,0,0,1,1,1,0,1,0,0,0,1,1,1,0,1,16
2026-02-14 12:40:40,2026-02-14 12:40:40,IP Address,,100,567,True,2026-02-14 12:40:40,R_I_FU_01120,,,,,,,anonymous,EN,OG20,Intervention A,4,4,4,3,4,3,3,4,0,1,0,1,0,1,1,1,1,1,1,0,0,1,0,1,1,1,0,1,1,1,1,0,1,17
2026-02-26 15:01:19,2026-02-26 15:01:19,IP Address,,100,898,True,2026-02-26 15:01:19,R_I_FU_00943,,,,,,,anonymous,EN,QQ15,Control,4,4,4,3,4,4,3,4,0,0,1,1,0,0,1,1,0,0,0,1,1,1,1,1,1,1,1,1,0,0,0,1,0,14
2026-02-23 12:31:49,2026-02-23 12:31:49,IP Address,,100,238,True,2026-02-23 12:31:49,R_I_FU_00913,,,,,,,anonymous,EN,WS03,Control,2,3,3,4,3,4,3,2,0,0,0,1,1,0,1,0,0,0,0,1,0,0,1,0,0,0,1,0,1,1,1,0,1,10
2026-02-14 12:16:04,2026-02-14 12:16:04,IP Address,,100,447,True,2026-02-14 12:16:04,R_I_FU_01228,,,,,,,anonymous,EN,HI25,Intervention B,4,4,4,5,4,5,5,4,1,1,0,1,1,0,1,0,0,1,1,0,1,0,1,1,1,1,1,1,1,1,0,1,1,18
2026-02-27 16:53:47,2026-02-27 16:53:47,IP Address,,100,616,True,2026-02-27 16:53:47,R_I_FU_01079,,,,,,,anonymous,EN,CB05,Intervention A,4,4,4,3,3,3,3,4,0,1,0,1,1,0,0,1,0,1,0,1,1,1,1,1,1,1,1,1,0,1,0,0,1,16
2026-02-02 09:22:58,2026-02-02 09:22:58,IP Address,,100,817,True,2026-02-02 09:22:58,R_I_FU_00946,,,,,,,anonymous,EN,MC13,Control,2,3,2,3,3,3,3,3,0,1,0,0,0,1,1,0,1,1,0,0,1,1,1,0,1,0,1,1,0,1,0,0,0,12
2026-02-22 11:00:00,2026-02-22 11:00:00,IP Address,,100,92,True,2026-02-22 11:00:00,R_I_FU_01020,,,,,,,anonymous,EN,US02,Intervention A,4,4,4,4,3,5,4,3,0,1,0,1,1,1,0,1,1,1,1,1,1,0,1,1,1,0,1,1,0,1,1,0,1,18
2026-02-19 08:24:36,2026-02-19 08:24:36,IP Address,,100,231,True,2026-02-19 08:24:36,R_I_FU_01152,,,,,,,anonymous,EN,EV12,Intervention B,3,5,3,4,4,4,4,3,1,0,1,1,0,0,0,1,1,1,1,0,1,1,1,1,1,0,1,1,1,1,1,1,1,19
2026-02-09 16:29:11,2026-02-09 16:29:11,IP Address,,100,414,True,2026-02-09 16:29:11,R_I_FU_01007,,,,,,,anonymous,EN,OG17,Intervention A,2,3,2,4,2,2,2,3,0,0,0,0,0,0,1,1,0,0,0,0,1,0,1,0,0,0,0,0,0,0,1,0,0,5
2026-02-12 10:35:05,2026-02-12 10:35:05,IP Address,,100,482,True,2026-02-12 10:35:05,R_I_FU_01145,,,,,,,anonymous,EN,CI26,Intervention B,4,3,4,4,5,4,3,5,1,1,0,1,0,1,0,1,0,1,1,0,1,0,0,1,1,0,1,1,1,1,0,0,0,14
2026-02-15 13:32:08,2026-02-15 13:32:08,IP Address,,100,546,True,2026-02-15 13:32:08,R_I_FU_01256,,,,,,,anonymous,EN,SQ14,Intervention B,5,4,4,3,3,3,4,4,1,1,0,1,1,1,1,1,0,1,1,0,1,1,1,0,0,1,0,0,1,1,0,1,1,17
2026-02-09 16:02:38,2026-02-09 16:02:38,IP Address,,100,792,True,2026-02-09 16:02:38,R_I_FU_00926,,,,,,,anonymous,EN,JF18,Control,3,3,4,5,3,3,3,3,0,0,1,1,1,1,1,1,0,0,0,0,1,1,1,1,0,1,1,1,1,1,1,1,1,18
2026-02-01 08:33:27,2026-02-01 08:33:27,IP Address,,100,848,True,2026-02-01 08:33:27,R_I_FU_00999,,,,,,,anonymous,EN,IM05,Control,5,3,5,4,2,5,4,5,1,0,0,1,1,0,0,1,0,0,1,1,1,1,1,1,1,1,1,0,1,0,1,0,1,16
2026-02-13 11:48:12,2026-02-13 11:48:12,IP Address,,100,895,True,2026-02-13 11:48:12,R_I_FU_00984,,,,,,,anonymous,EN,WP17,Control,4,4,4,3,4,3,4,3,1,1,1,1,0,0,1,0,1,1,1,0,1,1,0,0,0,1,0,0,1,1,0,1,1,15
2026-02-26 15:31:49,2026-02-26 15:31:49,IP Address,,100,822,True,2026-02-26 15:31:49,R_I_FU_01213,,,,,,,anonymous,EN,ES28,Intervention B,5,4,3,5,3,4,5,4,0,1,1,1,0,1,0,1,0,1,1,0,1,1,1,1,0,0,1,1,1,1,1,0,1,17
2026-02-08 15:16:04,2026-02-08 15:16:04,IP Address,,100,153,True,2026-02-08 15:16:04,R_I_FU_01168,,,,,,,anonymous,EN,VS13,Intervention B,4,4,3,4,5,4,4,3,1,1,0,1,0,0,1,1,0,0,0,0,0,0,0,0,0,0,0,0,0,1,0,0,1,7
2026-02-02 09:43:37,2026-02-02 09:43:37,IP Address,,100,599,True,2026-02-02 09:43:37,R_I_FU_01189,,,,,,,anonymous,EN,RC27,Intervention B,4,4,5,4,3,5,4,3,1,0,1,1,1,1,1,1,1,0,0,0,1,0,1,1,1,1,0,1,1,1,1,0,1,18
2026-02-02 09:40:40,2026-02-02 09:40:40,IP Address,,100,723,True,2026-02-02 09:40:40,R_I_FU_01000,,,,,,,anonymous,EN,GD12,Control,4,3,3,4,4,3,3,3,0,1,1,0,0,0,0,1,0,0,1,0,0,1,1,1,1,1,1,1,1,1,1,1,1,16
2026-02-25 14:39:21,2026-02-25 14:39:21,IP Address,,100,840,True,2026-02-25 14:39:21,R_I_FU_01077,,,,,,,anonymous,EN,QM19,Intervention A,4,2,3,3,3,4,3,4,0,0,0,1,1,0,0,1,1,0,1,0,1,0,1,1,1,0,0,0,1,1,1,0,1,13
2026-02-12 10:26:14,2026-02-12 10:26:14,IP Address,,100,471,True,2026-02-12 10:26:14,R_I_FU_01118,,,,,,,anonymous,EN,BK22,Intervention A,4,3,4,4,4,4,3,5,1,1,0,0,1,1,1,1,0,1,1,1,0,1,1,0,1,0,1,1,1,1,1,0,0,17
2026-02-21 10:29:11,2026-02-21 10:29:11,IP Address,,100,279,True,2026-02-21 10:29:11,R_I_FU_01127,,,,,,,anonymous,EN,PM18,Intervention A,3,4,4,3,3,2,3,4,0,0,1,1,0,1,1,0,1,0,1,0,0,1,0,1,1,0,0,1,1,1,1,0,1,14
2026-02-10 08:45:15,2026-02-10 08:45:15,IP Address,,100,611,True,2026-02-10 08:45:15,R_I_FU_01035,,,,,,,anonymous,EN,LG28,Intervention A,3,3,3,4,4,3,4,4,0,1,0,1,1,0,0,1,0,0,1,0,0,0,1,1,1,1,0,0,1,0,1,1,0,12
2026-02-12 10:17:23,2026-02-12 10:17:23,IP Address,,100,694,True,2026-02-12 10:17:23,R_I_FU_01091,,,,,,,anonymous,EN,MV24,Intervention A,4,5,3,3,5,5,4,4,1,0,0,1,1,1,1,1,0,1,1,1,0,0,0,1,0,0,1,0,0,1,0,0,1,13
2026-02-17 15:58:22,2026-02-17 15:58:22,IP Address,,100,605,True,2026-02-17 15:58:22,R_I_FU_00934,,,,,,,anonymous,EN,RZ21,Control,4,4,4,3,3,2,3,2,0,0,1,1,1,1,0,1,0,0,0,0,1,0,1,0,1,1,0,0,1,0,1,1,1,13
2026-02-05 12:04:16,2026-02-05 12:04:16,IP Address,,100,292,True,2026-02-05 12:04:16,R_I_FU_01192,,,,,,,anonymous,EN,BT04,Intervention B,3,5,4,4,4,4,4,4,0,1,1,0,1,0,1,0,0,1,1,0,1,0,1,1,1,1,1,0,0,1,1,0,0,14
2026-02-24 13:59:41,2026-02-24 13:59:41,IP Address,,100,119,True,2026-02-24 13:59:41,R_I_FU_01157,,,,,,,anonymous,EN,YT14,Intervention B,5,3,4,5,5,4,4,4,0,1,0,0,1,0,0,1,0,0,1,0,1,0,1,1,0,1,1,0,1,0,1,1,1,13
2026-02-03 10:29:11,2026-02-03 10:29:11,IP Address,,100,127,True,2026-02-03 10:29:11,R_I_FU_00947,,,,,,,anonymous,EN,OS09,Control,4,3,3,3,3,2,2,4,0,0,0,1,1,0,1,1,0,0,0,0,1,1,1,1,0,0,1,1,1,1,0,1,1,14
2026-02-19 08:48:12,2026-02-19 08:48:12,IP Address,,100,246,True,2026-02-19 08:48:12,R_I_FU_01044,,,,,,,anonymous,EN,YG12,Intervention A,2,2,1,3,1,3,4,3,0,1,0,0,0,0,0,1,1,0,1,0,0,1,0,1,1,0,0,1,0,1,0,0,1,10
2026-02-18 16:53:47,2026-02-18 16:53:47,IP Address,,100,599,True,2026-02-18 16:53:47,R_I_FU_01259,,,,,,,anonymous,EN,SN07,Intervention B,5,5,5,5,5,5,5,4,0,1,0,1,0,0,0,1,0,0,1,0,1,0,1,0,1,1,1,1,1,0,1,0,1,13
2026-02-18 16:35:05,2026-02-18 16:35:05,IP Address,,100,562,True,2026-02-18 16:35:05,R_I_FU_01205,,,,,,,anonymous,EN,KB13,Intervention B,3,4,5,3,3,4,5,4,0,1,1,0,1,1,1,1,1,0,1,0,0,1,1,1,1,1,1,1,1,0,0,0,1,17
2026-02-15 13:44:56,2026-02-15 13:44:56,IP Address,,100,136,True,2026-02-15 13:44:56,R_I_FU_00932,,,,,,,anonymous,EN,XV10,Control,4,3,4,4,3,4,3,3,0,0,0,1,0,0,0,0,0,1,1,0,1,1,1,0,1,1,1,0,1,0,1,1,1,13
2026-02-10 08:54:06,2026-02-10 08:54:06,IP Address,,100,633,True,2026-02-10 08:54:06,R_I_FU_01062,,,,,,,anonymous,EN,QQ14,Intervention A,2,3,4,3,3,3,3,2,1,1,0,1,1,1,0,0,1,0,0,0,1,1,0,1,0,1,1,0,1,1,1,0,1,15
2026-02-11 09:37:43,2026-02-11 09:37:43,IP Address,,100,713,True,2026-02-11 09:37:43,R_I_FU_01171,,,,,,,anonymous,EN,GX03,Intervention B,3,3,4,4,4,4,4,3,0,0,0,0,1,1,1,1,1,0,1,1,1,0,1,1,1,1,1,1,1,1,1,0,1,18
2026-02-04 11:06:54,2026-02-04 11:06:54,IP Address,,100,158,True,2026-02-04 11:06:54,R_I_FU_01218,,,,,,,anonymous,EN,SH12,Intervention B,4,4,5,5,5,5,5,4,1,0,1,1,1,0,1,1,1,1,1,0,0,1,1,1,1,1,1,1,1,1,0,1,1,20
2026-02-22 11:51:09,2026-02-22 11:51:09,IP Address,,100,713,True,2026-02-22 11:51:09,R_I_FU_00993,,,,,,,anonymous,EN,UW18,Control,4,3,4,3,4,4,2,4,1,1,1,0,0,0,1,0,1,1,1,1,1,1,1,1,0,1,0,1,1,1,0,1,1,18
2026-02-13 11:33:27,2026-02-13 11:33:27,IP Address,,100,481,True,2026-02-13 11:33:27,R_I_FU_01119,,,,,,,anonymous,EN,NX09,Intervention A,4,4,4,3,4,4,3,4,1,0,1,1,1,0,0,1,1,1,0,0,0,1,1,0,0,0,0,1,1,1,0,1,0,13
2026-02-07 14:00:00,2026-02-07 14:00:00,IP Address,,100,837,True,2026-02-07 14:00:00,R_I_FU_01140,,,,,,,anonymous,EN,TZ22,Intervention B,4,4,4,5,5,5,5,5,0,1,1,1,1,0,1,1,0,0,0,0,1,0,1,1,0,0,1,1,0,1,1,1,1,15
2026-02-08 15:07:13,2026-02-08 15:07:13,IP Address,,100,591,True,2026-02-08 15:07:13,R_I_FU_01141,,,,,,,anonymous,EN,KO07,Intervention B,3,4,4,4,5,4,5,4,0,1,0,0,0,1,1,1,1,0,0,0,1,0,1,1,0,1,1,1,1,0,0,0,1,13
2026-02-15 13:11:29,2026-02-15 13:11:29,IP Address,,100,332,True,2026-02-15 13:11:29,R_I_FU_01013,,,,,,,anonymous,EN,TQ08,Intervention A,3,4,5,3,2,3,3,3,0,0,0,1,1,1,1,1,0,1,0,0,1,1,1,0,1,0,1,1,1,1,0,1,1,16
2026-02-19 08:06:54,2026-02-19 08:06:54,IP Address,,100,700,True,2026-02-19 08:06:54,R_I_FU_01098,,,,,,,anonymous,EN,MY19,Intervention A,2,4,4,2,4,2,3,3,1,1,0,1,1,0,1,1,0,1,0,1,1,1,1,0,0,1,1,1,1,1,0,1,0,17
2026-02-24 13:32:08,2026-02-24 13:32:08,IP Address,,100,620,True,2026-02-24 13:32:08,R_I_FU_01076,,,,,,,anonymous,EN,KS20,Intervention A,3,4,4,3,2,3,4,4,0,0,0,1,0,1,1,1,0,1,0,0,0,0,1,1,0,1,1,0,1,0,0,0,1,11
2026-02-15 13:05:35,2026-02-15 13:05:35,IP Address,,100,660,True,2026-02-15 13:05:35,R_I_FU_01175,,,,,,,anonymous,EN,BN12,Intervention B,4,4,2,4,4,3,5,3,0,0,0,1,1,1,1,1,0,0,1,0,0,0,1,1,1,0,1,1,1,1,0,0,1,14
2026-02-15 13:53:47,2026-02-15 13:53:47,IP Address,,100,695,True,2026-02-15 13:53:47,R_I_FU_00959,,,,,,,anonymous,EN,TR07,Control,4,2,5,3,5,3,2,3,0,1,0,0,1,0,1,1,0,0,1,0,1,0,1,1,0,0,0,0,0,0,0,0,1,9
2026-02-24 13:38:02,2026-02-24 13:38:02,IP Address,,100,515,True,2026-02-24 13:38:02,R_I_FU_00914,,,,,,,anonymous,EN,WA20,Control,2,3,2,3,3,1,3,2,0,0,0,1,1,0,0,1,0,1,0,0,1,0,1,1,0,1,0,1,0,0,0,1,1,11
2026-02-10 08:36:24,2026-02-10 08:36:24,IP Address,,100,866,True,2026-02-10 08:36:24,R_I_FU_01008,,,,,,,anonymous,EN,VC09,Intervention A,4,2,3,3,1,2,3,4,1,0,0,0,0,1,1,1,1,1,1,0,1,1,1,1,1,0,1,0,0,1,0,1,1,16
2026-02-15 13:02:38,2026-02-15 13:02:38,IP Address,,100,363,True,2026-02-15 13:02:38,R_I_FU_00986,,,,,,,anonymous,EN,CW27,Control,3,2,3,1,3,2,3,3,1,0,0,1,1,1,1,0,0,0,0,0,0,1,0,1,0,0,0,1,1,1,1,0,1,12
2026-02-06 13:44:56,2026-02-06 13:44:56,IP Address,,100,417,True,2026-02-06 13:44:56,R_I_FU_01112,,,,,,,anonymous,EN,GG01,Intervention A,2,4,4,1,3,3,2,3,1,0,0,0,0,0,1,0,1,1,1,1,1,0,0,1,0,0,1,0,1,1,0,0,1,12
2026-02-12 10:08:32,2026-02-12 10:08:32,IP Address,,100,620,True,2026-02-12 10:08:32,R_I_FU_01064,,,,,,,anonymous,EN,JQ04,Intervention A,4,4,2,3,2,2,4,2,0,1,1,1,1,1,1,1,0,1,0,1,1,0,1,1,1,1,0,1,1,1,0,0,1,18
2026-02-24 13:56:44,2026-02-24 13:56:44,IP Address,,100,147,True,2026-02-24 13:56:44,R_I_FU_00968,,,,,,,anonymous,EN,ZR13,Control,3,3,3,3,3,1,2,4,0,0,0,0,0,1,0,0,0,0,1,0,0,0,0,1,0,0,0,0,0,0,0,1,0,4
2026-02-18 16:05:35,2026-02-18 16:05:35,IP Address,,100,83,True,2026-02-18 16:05:35,R_I_FU_00935,,,,,,,anonymous,EN,VL11,Control,4,4,3,4,4,3,3,4,1,1,0,1,1,1,0,1,0,0,0,0,0,1,1,1,1,1,1,1,1,1,0,0,1,16
2026-02-06 13:02:38,2026-02-06 13:02:38,IP Address,,100,238,True,2026-02-06 13:02:38,R_I_FU_01166,,,,,,,anonymous,EN,OB22,Intervention B,2,3,3,2,3,2,2,4,1,0,1,0,1,0,0,1,0,0,1,0,1,1,0,1,1,0,1,1,0,1,0,0,0,12
2026-02-10 08:18:42,2026-02-10 08:18:42,IP Address,,100,699,True,2026-02-10 08:18:42,R_I_FU_00954,,,,,,,anonymous,EN,AD16,Control,2,3,4,3,2,3,3,3,0,0,0,0,1,0,0,0,0,0,1,0,1,1,0,1,0,1,1,0,0,1,0,0,0,8
2026-02-25 14:54:06,2026-02-25 14:54:06,IP Address,,100,250,True,2026-02-25 14:54:06,R_I_FU_00942,,,,,,,anonymous,EN,WA14,Control,3,3,3,3,3,3,3,3,0,1,1,1,1,1,0,1,0,0,0,0,0,1,1,0,0,0,0,0,0,1,0,1,1,11
2026-02-03 10:59:41,2026-02-03 10:59:41,IP Address,,100,314,True,2026-02-03 10:59:41,R_I_FU_01217,,,,,,,anonymous,EN,CN14,Intervention B,5,3,5,4,4,5,5,5,1,1,1,0,1,1,1,0,1,0,0,1,0,0,1,1,1,0,1,0,1,1,1,1,1,17
2026-02-17 15:28:52,2026-02-17 15:28:52,IP Address,,100,715,True,2026-02-17 15:28:52,R_I_FU_01204,,,,,,,anonymous,EN,OS13,Intervention B,5,2,4,4,3,5,5,4,1,1,0,0,1,0,0,1,0,1,1,1,1,1,1,1,0,1,1,1,1,1,1,0,0,17
2026-02-25 14:36:24,2026-02-25 14:36:24,IP Address,,100,208,True,2026-02-25 14:36:24,R_I_FU_00888,,,,,,,anonymous,EN,NV13,Control,1,3,1,3,3,3,4,2,0,1,0,0,1,0,0,0,0,0,1,0,0,1,1,1,0,0,1,1,1,1,0,1,1,12
2026-02-18 16:59:41,2026-02-18 16:59:41,IP Address,,100,567,True,2026-02-18 16:59:41,R_I_FU_01097,,,,,,,anonymous,EN,FF09,Intervention A,4,3,1,3,4,4,2,4,1,0,0,1,1,0,0,0,0,0,0,0,1,1,1,1,0,1,1,0,0,1,1,0,1,12
2026-02-25 14:45:15,2026-02-25 14:45:15,IP Address,,100,662,True,2026-02-25 14:45:15,R_I_FU_00915,,,,,,,anonymous,EN,ZQ09,Control,4,3,4,3,3,2,3,3,0,0,1,0,0,1,1,1,0,0,1,1,1,1,1,1,1,0,1,0,0,1,1,1,1,16
2026-02-26 15:28:52,2026-02-26 15:28:52,IP Address,,100,337,True,2026-02-26 15:28:52,R_I_FU_01024,,,,,,,anonymous,EN,OC01,Intervention A,4,3,3,4,4,3,4,4,0,0,1,1,0,1,1,1,0,1,1,1,1,0,0,1,0,0,1,0,1,0,0,1,1,14
2026-02-11 09:46:34,2026-02-11 09:46:34,IP Address,,100,593,True,2026-02-11 09:46:34,R_I_FU_01198,,,,,,,anonymous,EN,EE22,Intervention B,3,5,5,4,4,5,4,4,0,1,1,0,0,1,1,1,1,1,1,0,1,0,0,1,0,1,1,1,1,1,1,1,1,18
2026-02-19 08:33:27,2026-02-19 08:33:27,IP Address,,100,499,True,2026-02-19 08:33:27,R_I_FU_01179,,,,,,,anonymous,EN,UE06,Intervention B,4,5,4,4,3,3,3,4,0,1,0,1,0,0,1,1,0,1,0,1,1,1,1,1,0,0,1,0,0,0,1,0,1,13
2026-02-16 14:42:18,2026-02-16 14:42:18,IP Address,,100,825,True,2026-02-16 14:42:18,R_I_FU_00906,,,,,,,anonymous,EN,YF18,Control,4,4,4,3,3,3,4,5,0,1,0,1,1,0,1,1,0,0,0,0,0,1,1,0,0,0,1,1,0,1,0,0,0,10
2026-02-16 14:51:09,2026-02-16 14:51:09,IP Address,,100,585,True,2026-02-16 14:51:09,R_I_FU_00933,,,,,,,anonymous,EN,MT25,Control,3,2,3,4,1,4,3,2,0,1,0,0,0,1,1,1,0,0,1,0,0,0,1,1,1,0,1,1,1,1,1,0,0,13
2026-02-17 15:49:31,2026-02-17 15:49:31,IP Address,,100,218,True,2026-02-17 15:49:31,R_I_FU_00907,,,,,,,anonymous,EN,GI06,Control,3,2,3,3,3,3,2,3,1,1,0,1,1,0,0,1,0,0,1,0,0,1,1,1,0,0,0,0,1,0,1,0,0,11
2026-02-13 11:09:51,2026-02-13 11:09:51,IP Address,,100,186,True,2026-02-13 11:09:51,R_I_FU_01227,,,,,,,anonymous,EN,XF14,Intervention B,5,5,4,5,5,5,5,5,1,1,1,1,1,1,0,1,0,0,0,0,0,0,0,1,0,1,1,1,1,1,0,0,1,14
2026-02-10 08:21:39,2026-02-10 08:21:39,IP Address,,100,72,True,2026-02-10 08:21:39,R_I_FU_01143,,,,,,,anonymous,EN,EE21,Intervention B,3,1,2,3,1,2,3,4,0,1,0,1,1,1,1,1,0,0,1,0,1,0,0,1,1,0,1,0,1,1,0,1,1,15
2026-02-24 13:05:35,2026-02-24 13:05:35,IP Address,,100,701,True,2026-02-24 13:05:35,R_I_FU_00995,,,,,,,anonymous,EN,NV03,Control,2,2,2,3,3,2,4,3,0,0,0,0,1,1,0,1,0,0,1,0,0,0,1,0,0,0,0,0,0,0,0,0,1,6
2026-02-01 08:42:18,2026-02-01 08:42:18,IP Address,,100,211,True,2026-02-01 08:42:18,R_I_FU_01026,,,,,,,anonymous,EN,NH16,Intervention A,4,4,4,3,4,2,3,4,1,1,1,0,1,1,1,0,1,1,1,0,1,1,1,1,0,1,1,1,1,1,1,1,1,21
2026-02-03 10:23:17,2026-02-03 10:23:17,IP Address,,100,214,True,2026-02-03 10:23:17,R_I_FU_01109,,,,,,,anonymous,EN,EG07,Intervention A,4,3,4,4,4,4,4,4,1,0,0,1,0,1,1,1,0,0,1,1,0,0,1,0,0,1,1,0,1,1,1,0,0,13
2026-02-06 13:26:14,2026-02-06 13:26:14,IP Address,,100,187,True,2026-02-06 13:26:14,R_I_FU_01058,,,,,,,anonymous,EN,ZA10,Intervention A,5,5,5,4,5,5,4,5,0,0,0,1,1,1,1,0,0,1,0,1,1,1,1,1,0,0,1,0,1,1,1,0,1,15
2026-02-14 12:13:07,2026-02-14 12:13:07,IP Address,,100,464,True,2026-02-14 12:13:07,R_I_FU_01039,,,,,,,anonymous,EN,PN24,Intervention A,3,4,3,3,4,2,3,3,0,0,0,1,0,1,1,0,0,1,0,0,0,1,1,0,0,1,1,0,0,1,0,0,1,10
2026-02-14 12:46:34,2026-02-14 12:46:34,IP Address,,100,387,True,2026-02-14 12:46:34,R_I_FU_00958,,,,,,,anonymous,EN,UB04,Control,4,3,4,4,5,5,4,2,1,0,1,0,0,0,0,1,0,1,0,0,0,0,1,1,0,0,1,0,0,0,0,1,1,9
2026-02-25 14:21:39,2026-02-25 14:21:39,IP Address,,100,652,True,2026-02-25 14:21:39,R_I_FU_01023,,,,,,,anonymous,EN,GL19,Intervention A,3,4,3,4,4,3,3,2,0,0,1,0,1,0,0,1,1,0,1,0,0,1,1,0,0,0,1,0,0,1,0,0,1,10
2026-02-27 16:26:14,2026-02-27 16:26:14,IP Address,,100,537,True,2026-02-27 16:26:14,R_I_FU_00998,,,,,,,anonymous,EN,UC21,Control,4,4,4,5,4,5,4,3,0,1,1,0,1,1,1,0,1,0,1,0,0,1,1,1,1,0,1,1,1,1,1,0,1,17
2026-02-08 15:46:34,2026-02-08 15:46:34,IP Address,,100,84,True,2026-02-08 15:46:34,R_I_FU_00898,,,,,,,anonymous,EN,VS22,Control,1,2,1,1,3,2,2,2,1,0,0,1,1,0,1,0,1,1,1,0,1,0,1,0,0,0,0,0,0,1,0,1,1,12
2026-02-21 10:53:47,2026-02-21 10:53:47,IP Address,,100,755,True,2026-02-21 10:53:47,R_I_FU_01019,,,,,,,anonymous,EN,RU15,Intervention A,3,3,4,3,5,2,3,4,0,1,0,1,1,0,0,1,0,1,0,1,1,1,1,1,1,0,1,1,1,0,0,0,1,15
2026-02-04 11:36:24,2026-02-04 11:36:24,IP Address,,100,831,True,2026-02-04 11:36:24,R_I_FU_00948,,,,,,,anonymous,EN,KE13,Control,3,2,2,2,3,3,3,2,1,0,0,0,0,0,1,0,0,0,1,0,0,0,0,1,0,0,0,0,0,1,1,0,0,6
2026-02-05 12:34:46,2026-02-05 12:34:46,IP Address,,100,872,True,2026-02-05 12:34:46,R_I_FU_00922,,,,,,,anonymous,EN,OD21,Control,2,2,4,4,3,3,2,3,0,1,0,1,1,0,1,0,0,0,1,1,0,1,1,1,1,1,1,0,1,1,0,0,0,14
2026-02-24 13:26:14,2026-02-24 13:26:14,IP Address,,100,462,True,2026-02-24 13:26:14,R_I_FU_01238,,,,,,,anonymous,EN,VU04,Intervention B,4,4,5,5,5,5,5,4,1,1,1,1,1,1,1,0,0,1,1,0,1,1,1,1,1,1,1,1,1,1,1,1,1,22
2026-02-01 08:36:24,2026-02-01 08:36:24,IP Address,,100,71,True,2026-02-01 08:36:24,R_I_FU_01188,,,,,,,anonymous,EN,CM26,Intervention B,4,5,4,5,4,4,5,5,1,0,1,1,1,1,1,0,0,0,0,0,1,0,1,1,0,0,0,1,1,1,0,0,1,13
2026-02-03 10:47:53,2026-02-03 10:47:53,IP Address,,100,335,True,2026-02-03 10:47:53,R_I_FU_01001,,,,,,,anonymous,EN,VF12,Control,3,4,4,3,3,3,4,4,0,0,0,0,1,1,1,1,1,0,1,0,1,0,1,1,0,0,1,0,0,1,0,1,0,12
2026-02-10 08:00:00,2026-02-10 08:00:00,IP Address,,100,509,True,2026-02-10 08:00:00,R_I_FU_00900,,,,,,,anonymous,EN,EJ27,Control,2,1,2,2,2,3,3,3,0,0,0,1,1,0,1,0,0,0,0,0,0,1,1,1,0,0,0,0,0,0,0,0,1,7
2026-02-20 09:55:25,2026-02-20 09:55:25,IP Address,,100,179,True,2026-02-20 09:55:25,R_I_FU_01045,,,,,,,anonymous,EN,WQ17,Intervention A,4,5,4,5,5,3,4,5,0,0,0,1,1,1,1,1,0,0,1,0,1,0,1,1,1,0,1,0,0,1,0,0,1,13
2026-02-19 08:15:45,2026-02-19 08:15:45,IP Address,,100,699,True,2026-02-19 08:15:45,R_I_FU_01125,,,,,,,anonymous,EN,MX18,Intervention A,5,3,4,5,3,4,4,3,1,0,1,1,1,0,1,0,1,1,1,1,1,1,1,1,1,1,1,0,0,1,1,1,1,20
2026-02-15 13:35:05,2026-02-15 13:35:05,IP Address,,100,827,True,2026-02-15 13:35:05,R_I_FU_00905,,,,,,,anonymous,EN,GX16,Control,2,4,5,4,3,3,3,2,0,1,1,1,0,1,1,1,1,1,0,0,0,1,1,1,0,1,0,0,1,1,1,0,1,16
2026-02-27 16:47:53,2026-02-27 16:47:53,IP Address,,100,602,True,2026-02-27 16:47:53,R_I_FU_01241,,,,,,,anonymous,EN,KS22,Intervention B,3,3,5,5,3,4,4,4,0,1,1,1,1,0,1,1,0,1,1,1,1,1,1,0,1,0,1,1,1,1,1,1,1,20
2026-02-25 14:48:12,2026-02-25 14:48:12,IP Address,,100,397,True,2026-02-25 14:48:12,R_I_FU_01104,,,,,,,anonymous,EN,IF03,Intervention A,2,3,4,2,3,2,3,3,0,0,1,0,0,0,1,1,0,1,1,1,1,1,1,0,1,1,1,0,1,1,1,0,0,15
2026-02-12 10:59:41,2026-02-12 10:59:41,IP Address,,100,358,True,2026-02-12 10:59:41,R_I_FU_01037,,,,,,,anonymous,EN,BI20,Intervention A,3,4,4,3,3,5,4,4,0,1,0,1,1,1,0,1,0,0,0,1,0,0,0,0,0,0,1,1,1,1,0,0,1,11
2026-02-23 12:19:01,2026-02-23 12:19:01,IP Address,,100,891,True,2026-02-23 12:19:01,R_I_FU_01237,,,,,,,anonymous,EN,EZ02,Intervention B,4,3,3,4,2,1,3,3,1,0,0,0,0,0,1,0,0,0,0,0,0,1,1,1,0,0,0,0,0,0,0,0,1,6
2026-02-03 10:38:02,2026-02-03 10:38:02,IP Address,,100,217,True,2026-02-03 10:38:02,R_I_FU_00974,,,,,,,anonymous,EN,KA26,Control,3,3,4,4,4,2,3,2,0,0,1,1,1,0,0,0,0,1,1,0,0,0,0,1,0,0,1,0,0,0,0,0,0,7
2026-02-01 08:57:03,2026-02-01 08:57:03,IP Address,,100,272,True,2026-02-01 08:57:03,R_I_FU_00891,,,,,,,anonymous,EN,PM27,Control,3,2,4,4,3,5,4,3,0,1,1,0,0,0,1,0,0,1,0,0,0,0,0,1,1,0,1,1,1,1,0,1,1,12
2026-02-04 11:57:03,2026-02-04 11:57:03,IP Address,,100,633,True,2026-02-04 11:57:03,R_I_FU_01191,,,,,,,anonymous,EN,WE27,Intervention B,4,4,4,2,4,3,2,3,1,1,1,1,0,1,1,1,1,1,1,1,1,0,0,1,0,0,1,0,1,0,0,0,1,16
2026-02-20 09:40:40,2026-02-20 09:40:40,IP Address,,100,315,True,2026-02-20 09:40:40,R_I_FU_01180,,,,,,,anonymous,EN,FR16,Intervention B,4,5,5,4,5,5,5,4,1,1,1,1,1,1,1,1,1,1,1,1,1,1,1,1,1,1,1,1,1,1,1,0,1,24
2026-02-27 16:44:56,2026-02-27 16:44:56,IP Address,,100,236,True,2026-02-27 16:44:56,R_I_FU_01052,,,,,,,anonymous,EN,BK02,Intervention A,4,3,4,2,3,3,2,4,1,1,0,0,1,1,1,1,1,0,1,1,1,1,0,1,0,1,1,1,1,1,1,0,1,19
2026-02-12 10:14:26,2026-02-12 10:14:26,IP Address,,100,319,True,2026-02-12 10:14:26,R_I_FU_00902,,,,,,,anonymous,EN,BS12,Control,4,4,4,4,3,4,4,3,1,1,1,1,0,0,0,1,0,1,0,0,1,1,1,1,0,0,0,0,1,1,0,1,1,14
2026-02-07 14:33:27,2026-02-07 14:33:27,IP Address,,100,716,True,2026-02-07 14:33:27,R_I_FU_01059,,,,,,,anonymous,EN,JN12,Intervention A,5,4,3,4,3,4,2,4,1,1,0,1,1,0,0,1,1,1,0,0,1,0,1,1,0,0,1,0,1,0,1,1,1,15
2026-02-11 09:55:25,2026-02-11 09:55:25,IP Address,,100,665,True,2026-02-11 09:55:25,R_I_FU_01225,,,,,,,anonymous,EN,LN27,Intervention B,2,3,4,4,2,3,3,4,0,1,1,1,1,0,0,1,0,0,0,0,0,0,0,1,0,0,0,0,0,0,0,0,1,7
2026-02-25 14:24:36,2026-02-25 14:24:36,IP Address,,100,169,True,2026-02-25 14:24:36,R_I_FU_01212,,,,,,,anonymous,EN,UC13,Intervention B,4,2,3,4,3,4,4,3,0,1,0,0,1,0,1,1,0,1,1,1,0,1,1,0,0,0,0,1,1,1,1,1,1,15
2026-02-10 08:30:30,2026-02-10 08:30:30,IP Address,,100,753,True,2026-02-10 08:30:30,R_I_FU_01170,,,,,,,anonymous,EN,GO06,Intervention B,5,4,5,5,4,5,4,4,1,0,1,0,0,1,1,1,0,1,1,1,1,0,1,1,0,1,1,1,1,1,0,1,1,18
2026-02-24 13:29:11,2026-02-24 13:29:11,IP Address,,100,324,True,2026-02-24 13:29:11,R_I_FU_00887,,,,,,,anonymous,EN,DK26,Control,4,4,5,4,4,4,4,5,1,1,1,0,1,0,1,1,0,1,0,0,1,1,0,1,0,1,1,1,1,1,0,0,1,16
2026-02-02 09:31:49,2026-02-02 09:31:49,IP Address,,100,207,True,2026-02-02 09:31:49,R_I_FU_00973,,,,,,,anonymous,EN,HV27,Control,2,2,3,3,2,3,4,3,1,1,0,1,0,0,1,1,0,0,0,0,1,1,1,0,0,1,0,0,1,1,0,1,1,13
2026-02-25 14:30:30,2026-02-25 14:30:30,IP Address,,100,379,True,2026-02-25 14:30:30,R_I_FU_01050,,,,,,,anonymous,EN,ZJ02,Intervention A,3,4,2,3,4,4,3,4,0,0,0,0,1,1,1,0,0,0,0,1,1,1,1,0,0,0,1,0,1,1,0,0,1,11
2026-02-05 12:01:19,2026-02-05 12:01:19,IP Address,,100,862,True,2026-02-05 12:01:19,R_I_FU_01003,,,,,,,anonymous,EN,AU28,Intervention A,2,3,4,4,3,4,4,3,0,0,0,0,0,1,1,1,1,0,1,0,0,1,1,1,0,0,0,1,0,0,1,0,0,10
2026-02-22 11:27:33,2026-02-22 11:27:33,IP Address,,100,254,True,2026-02-22 11:27:33,R_I_FU_01101,,,,,,,anonymous,EN,VJ02,Intervention A,5,5,4,3,2,4,4,4,1,1,0,1,1,0,0,1,1,0,1,1,1,0,1,0,0,0,1,0,0,1,0,0,1,13
2026-02-08 15:55:25,2026-02-08 15:55:25,IP Address,,100,213,True,2026-02-08 15:55:25,R_I_FU_00925,,,,,,,anonymous,EN,LD15,Control,4,2,1,2,4,2,3,3,0,1,1,0,0,1,1,0,1,0,1,0,1,0,1,1,0,0,0,1,0,1,1,0,0,12
2026-02-01 08:06:54,2026-02-01 08:06:54,IP Address,,100,862,True,2026-02-01 08:06:54,R_I_FU_00918,,,,,,,anonymous,EN,IK03,Control,3,3,2,4,4,2,3,3,1,0,0,1,0,1,1,0,1,1,1,0,1,0,1,1,0,0,1,0,1,1,1,1,0,15
2026-02-24 13:47:53,2026-02-24 13:47:53,IP Address,,100,779,True,2026-02-24 13:47:53,R_I_FU_00941,,,,,,,anonymous,EN,GW07,Control,3,3,4,3,4,4,3,3,1,1,1,1,1,1,0,1,1,0,0,0,0,1,0,1,0,1,1,1,0,1,1,1,1,17
