"group","pre","post"
"Control",53.12,45.98
"Control",40.67,32.94
"Control",55.2,
"Control",40.6,33.3
"Control",38.82,25.71
"Control",47.62,38.23
"Control",60.76,40.43
"Control",,42.24
"Control",54.54,41.79
"Control",47.87,39.03
"Control",50.15,38.21
,50.17,35.62
"Control",50.7,46.19
"Control",46.6,30.96
"Control",57.61,44.25
"Control",56.34,38.95
"Control",41.18,38.64
"Control",49.31,37.61
"Peer",44.88,36.19
"Peer",59.68,47.62
"Peer",63.34,
"Peer",54.66,36.27
"Peer",41.04,40.51
"Peer",40.21,35.84
"Peer",45.27,50.19
"Peer",56.63,45.19
"Peer",46.75,36.47
"Peer",65.62,52.79
"Peer",48.33,49.09
"Peer",,37.06
"Peer",59.16,40.14
"Peer",46.8,37.48
"Peer",45.22,39.75
"Peer",47.16,40.43
"Peer",61.64,50.39
"Peer",45.87,33.66
"Tutor",50.2,43.76
"Tutor",50.88,43
"Tutor",65.41,57.23
"Tutor",54.59,
"Tutor",43.17,36.4
"Tutor",62.21,49.56
"Tutor",61.5,53.31
"Tutor",48.06,36.18
"Tutor",51.51,44.05
"Tutor",47.52,46.67
"Tutor",50.17,43.93
"Tutor",47.74,39.54
"Tutor",53.81,42.52
,52.17,41.64
"Tutor",41.08,39.55
"Tutor",55.15,52.68
"Tutor",49.59,38.85
"Tutor",25.25,35.89
